,0,1,2
COR_Discosoma,-2.969894990459103,8.792271735249242,1.0371868342450754
COR_Ricordea_florida,-3.314676565525281,10.281361871920415,-0.3919442504343351
MIC_Letepsammia,-2.103643060378208,7.883508255795239,0.8236822458255191
MIC_Rhombopsammia,-1.0454444702579844,8.241871353901608,0.24856760030409955
MIC_Stephanophyllia,-0.9424039696143736,8.121730201590802,0.3285586683773441
GAR_Gardineria_hawaiiensis,-3.3785889173237003,8.819252593902414,-1.818154204048722
GAR_Gardineria_paradoxa,-3.878785058915579,8.6740883346493,-1.656829587883214
ANT_Anthemiphyllia_patera,1.2930350071977423,2.2186407467937324,-4.527902498053438
CAR_Deltocyathus_ornatus,1.483117192350495,4.391953585299908,-1.5376917312869216
CAR_Deltocyathus_suluensis,1.303188935604736,3.9542840180562226,-2.0773629742037247
CAR_Deltocyathus_sarsi,0.97866167608345,3.965076513908263,-2.908624798180028
CAR_Deltocyathus_inusitatus,1.2069072754653631,4.584549802906459,-2.938264207183312
CAR_Deltocyathus_rotulus,2.2107818796048386,4.13218109159078,-2.3578194923172746
ANT_Anthemiphyllia_spinifera,4.297827402857828,3.980940941923385,-6.3172951311534
ANT_Anthemiphyllia_dentata,9.47212893898753,1.9538680722091921,-2.8560278213264523
CAR_Ceratotrochus,9.074267619783152,3.2150956943889195,-2.8477429816633943
CAR_Conotrochus,9.410045026876553,2.366851385036615,-2.3988665866851147
CAR_Vaughanella,9.58625219572796,2.1735130367935787,-5.881743969631231
CAR_Stephanocyathus_weberianus,9.571133753057763,2.437240628077611,-5.344448658366892
CAR_Stephanocyathus_platypus,10.271184917488972,2.112376525252915,-4.939086791173399
CAR_Stephanocyathus_coronatus,9.496151235700568,1.717906882464405,-5.051386388059378
CAR_Stephanocyathus_spiniger,9.555017868857218,2.1360904649714043,-4.788629761825497
CAR_Caryophyllia_versicolorata,14.282254539208656,1.462340192409975,-4.410516459939803
CAR_Crispatotrochus,14.518425222159081,1.514594128551866,-2.8862427618010806
CAR_Caryophyllia_inornata,14.629322339076271,0.990484210501729,-3.6782485510783847
CAR_Caryophyllia_rugosa,15.432382143672795,1.2537357206575146,-6.465265919251125
CAR_Caryophyllia_lamellifera,14.922000602122099,0.48302819906117167,-4.8195228154109
CAR_Caryophyllia_grayi,14.728496186690247,0.5644508122323192,-4.492091185092268
STE_Stenocyathus_vermiformis,14.869626369626143,1.4216024281580846,-4.773230735119548
CAR_Caryophyllia_planilamellata,15.299798125871975,2.3840970991197126,-7.339172821424163
CAR_Caryophyllia_quadragenaria,14.50683430850718,2.69467565312808,-7.652398189744784
CAR_Caryophyllia_ambrosia,15.277165725500664,1.926023621388655,-7.193968926427452
CAR_Caryophyllia_atlantica,15.090743200224313,1.8424517186099556,-7.6937529766089705
CAR_Dasmosmilia_lymani,15.12904674717983,2.1737792107760003,-6.307785757711346
CAR_Caryophyllia_scobinosa,15.671726035597235,3.0309850414194504,-6.44868871793139
CAR_Caryophyllia_unicristata,14.970483224942207,2.5731416507882976,-6.47358387010309
CAR_Caryophyllia_grandis,15.900173043508795,2.5436902713247735,-5.891580022870866
CAR_Caryophyllia_transversalis,15.460559455659443,2.811880552288725,-7.096910897590863
CAR_Lophelia_pertusa,15.03485039773829,0.9866458144922935,-2.9795568929655496
CAR_Solenosmilia_variabilis,14.63435712293967,1.4244461059544695,-3.2253774068210443
CAR_Caryophyllia_diomedeae,14.603809365007951,1.529185006917185,-3.7863612858890314
CAR_Desmophyllum,13.974869285077649,1.1998020620130851,-3.6992700048900407
CAR_Caryophyllia_ralphae,12.53305745054611,0.28954774483406126,-5.196444869246562
CAR_Rhizosmilia_robusta,12.43725696718907,-0.0012584122569532267,-4.101736219487293
OCU_Madrepora,11.829123006052374,1.4862845923243493,-2.873124140402964
AST_Stylocoeniella,14.902555305952454,0.64186835138056,-4.691058501743558
AST_Madracis_senaria,14.393122215633474,-0.026884540049657943,-3.987528537633257
AST_Madracis_formosa,14.640536651528448,-0.032355646696883726,-4.621279415976977
AST_Madracis_carmabi,14.045958152891407,-0.007022673910878917,-5.107568938337622
AST_Madracis_auretenra,14.465604533668627,-0.1429631034860529,-3.7163061007328024
AST_Madracis_asanoi,14.907213996757587,0.48542009904445493,-5.321917582861162
AST_Madracis_pharensis,15.037403712278667,0.525669885188965,-4.097758558102998
AST_Madracis_decactis,14.895899895391821,-0.07065998787123612,-4.135681708825081
POC_Stylophora,15.141286608382952,0.7998612633534402,-4.109310426447793
POC_Seriatopora_caliendrum,14.837984856066385,0.7433908970882107,-4.629988649448031
POC_Seriatopora_hystrix,15.107265043964471,1.405953848521596,-3.8024580576298663
POC_Pocillopora_meandrina,14.369869454773253,1.0557127478553217,-4.861225499361595
POC_Pocillopora_eydouxi,14.396273525502318,0.8066799846383483,-6.288502773920352
POC_Pocillopora_damicornis,14.901153142207729,0.5774657078914492,-5.780044881973198
POC_Pocillopora_verrucosa,14.694439977936364,1.3024029934580785,-6.902535304053666
CAR_Heterocyathus,18.066540461568344,-1.4067195320061654,-7.6325121960907385
FAV_Oulastrea_crispata,18.509345795449587,-1.3446510577425865,-6.834822044493691
CAR_Rhizosmilia_sagamiensis,17.49694734674348,-1.3551314616999743,-6.152445974867349
CAR_Phyllangia_papuensis,16.6883560862388,-1.730341429745525,-5.861579208066405
SID_Anomastraea_irregularis,17.73131447363432,-1.9416019157624966,-15.058646304166123
SID_Horastrea_indica,17.637011794032954,-1.5787833443904487,-13.914751899445585
SID_Coscinaraea_columna,18.482107840992295,-1.9566796581835217,-14.251065002322632
SID_Psammocora_contigua,18.38660576124992,-0.4689698075330159,-12.751096529260016
SID_Psammocora_nierstraszi,17.801082969177365,-1.1813641740810275,-12.80779214549122
SID_Psammocora_profundacella,17.199693606444338,-1.0133096105869326,-13.60023208845027
SID_Psammocora_digitata,17.869040238819426,-0.7845414961269777,-13.827454025595745
SID_Psammocora_albopicta,18.580556866940277,-0.8344786412517807,-13.396272459421624
SID_Psammocora_haimeana,18.502362567532472,-1.023278338771893,-13.169166779733338
FUN_Pleuractis_gravis,18.308180538241817,-0.6772298142763604,-14.309816791269425
SID_Coscinaraea_wellsi,16.85506795263277,-1.044018639402734,-15.441918726353322
SID_Psammocora_explanulata,17.669420284732976,-1.1628322850721398,-15.613846093347913
FUN_Pleuractis_paumotensis,17.84696628195349,-1.0784773374419054,-13.619561429612192
FUN_Pleuractis_granulosa,18.538066496629334,-1.311467189480815,-13.86266776636365
FUN_Pleuractis_moluccensis,18.188081601140155,-1.123774285458531,-14.47051419453212
FUN_Cycloseris_cyclolites,18.10930618429653,-1.8619859626257214,-14.482770505624378
FUN_Cycloseris_tenuis,18.839648332854747,-1.5153481151059436,-14.534627204935921
FUN_Cycloseris_mokai,18.449259881400025,-0.7166536399432869,-14.530073820350882
FUN_Cycloseris_fragilis,19.022727276279568,-1.2942000202295134,-15.342311180048192
FUN_Cycloseris_vaughani,18.89374254437548,-0.974462339265548,-15.749088292870812
FUN_Cycloseris_costulata,18.242569366478673,-1.3453515993757268,-14.672134705133335
FUN_Cycloseris_sinensis,18.30481249300195,-1.399944061128742,-14.202892510017099
FUN_Ctenactis_crassa,17.368224061045076,-0.6627319554364233,-14.111178898840521
FUN_Ctenactis_albitentaculata,18.17681680098087,-0.5291604688306838,-15.86404120014128
FUN_Ctenactis_echinata,18.20234858316991,-0.3831498652306908,-16.021535508868077
FUN_Herpolitha_limax,18.64969424263183,-1.1700253369938034,-15.29082707156231
FUN_Polyphyllia_talpina,18.33712078258167,-0.33517930990456546,-15.256116282346577
FUN_Lithophyllon_concinna,18.634429965271572,-0.9579929246504172,-14.030682680196188
FUN_Lithophyllon_repanda,18.48889842661156,-1.4750337115218541,-14.51539143199767
FUN_Lithophyllon_spinifer,18.111765293663222,-1.6383868840275089,-15.026584732968303
FUN_Lithophyllon_scabra,18.545754449326992,-1.035900491563906,-14.58193850784681
FUN_Lithophyllon_undulatum,18.546273450589624,-0.9425981343956094,-15.148545318170175
FUN_Heliofungia_fralinae,18.46989583735257,-1.5950524782574844,-14.793655054664306
FUN_Heliofungia_actiniformis,18.77691692447358,-0.8114557120770094,-15.13641195857671
FAV_Leptastrea_transversa,18.61420619499215,-0.8057057257378751,-15.574659862385154
FAV_Leptastrea_pruinosa,18.461849950831947,-0.571437227395871,-15.370210165887933
FAV_Leptastrea_purpurea,18.42219972773913,-1.5774725079286596,-14.89239796173546
FUN_Lobactis_scutaria,19.288106943790922,-0.7658039525258913,-14.142071040235871
FUN_Halomitra_pileus,19.09980123195462,-1.0669797339561333,-15.032082140195921
FUN_Halomitra_clavator,18.905976448826053,-1.0769827608701714,-15.329610591943998
FUN_Danafungia_scruposa,19.235575683691188,-0.7641612423300267,-15.066349656832003
FUN_Fungia_fungites,19.533912076273264,-1.3962962121851819,-14.628933083179515
FUN_Podabacia_motuporensis,18.95739073514792,-0.4415071642173862,-15.31575015025975
FUN_Podabacia_crustacea,19.358622764391033,-0.5301940309122681,-14.851387876736588
FUN_Sandalolitha_dentata,18.95169201484876,-0.9120508885886228,-14.595788800316846
FUN_Sandalolitha_robusta,18.79020927418724,-1.3295009383885652,-14.224255162303146
FUN_Zoopilus_echinatus,18.772243612964857,-1.4332055414000957,-14.901521995441868
FUN_Podabacia_kunzmanni,18.67044795750677,-1.1017366396513826,-15.032101801831633
FUN_Podabacia_sinai,19.2234006220976,-1.2769941586208438,-15.91546548541504
MEA_Meandrina_braziliensis,17.145462110707548,-0.7859944295845671,-1.3754370614073053
MEA_Dichocoenia,17.482752327287116,-1.4349788353053674,-2.0501035339145357
MEA_Eusmilia_fastigiata,17.548977861449796,-1.4721085312107298,-1.2863698415728342
MEA_Meandrina_meandrites,17.37100404123226,-1.2154462395779344,-1.36708856890029
MEA_Dendrogyra_cylindrus,16.995742885599913,-1.416948379032839,-2.3573589120516574
CAR_Phyllangia_americana,17.294675804633997,-0.9351949646586983,-2.8560624996423156
CAR_Rhizosmilia_maculata,16.6928605506151,-1.424545483238076,-2.104526867144515
FAV_Solenastrea_bournoni,17.4265298915801,-2.1785381118620313,-3.0211260310148216
CAR_Polycyathus,17.04698621804487,-1.9763297574237308,-3.300706829147953
CAR_Paracyathus,18.037175492546726,-2.2584168910789515,-2.51682071125273
FAV_Cladocora_arbuscula,17.8776273135863,-1.706751149806624,-2.3619502746374246
FAV_Cladocora_caespitosa,16.831978761220874,-2.495992866981153,-3.0650940348294204
RHI_Astrangia,17.890031945983974,-1.628485621424414,-3.7307243486733808
FAV_Solenastrea_hyades,17.27559539549534,-2.3869132206786143,-2.3241210644782355
OCU_Oculina_robusta,18.080263896524023,-1.820892478980294,-3.0310269154768963
OCU_Oculina_varicosa,17.593314919583435,-2.310223176428928,-4.021000594467662
OCU_Oculina_diffusa,17.86245766935524,-1.7035771641335422,-3.410139187871298
OCU_Oculina_patagonica,17.37686436618601,-2.5434802586881258,-2.6061068112535555
MUS_Blastomussa,16.67402495081133,-1.002771951548671,-1.43951839735055
EUP_Physogyra_lichtensteini,18.24551305987284,-1.5791643048721402,-4.06895661810051
EUP_Plerogyra,18.077533666199084,-1.382236977503122,-3.9993364861907215
CAR_Tethocyathus,15.90562651068561,-0.10694483499187839,0.40265853395875145
FAV_Plesiastrea_versipora,17.24952868981338,-1.3055229601927447,2.2488468212363166
OCU_Cyathelia_axillaris,16.37228321143831,-1.805636592655706,2.7542916538165114
CAR_Trochocyathus,16.8910957613392,-1.6107199581687508,1.8054653866371666
FAV_Diploastrea_heliopora,20.462690827895212,-1.3381605738292108,4.07577777753706
FAV_Montastraea_cavernosa,19.548826502560434,-3.0122084623171013,6.285602771424666
MUS_Mussa_angulosa,20.268019559017166,-2.213774661850675,5.9425680957938996
MUS_Scolymia_cubensis,20.89141330043448,-1.8186518241465899,6.035013299060835
MUS_Isophyllia_sinuosa,19.950392174118154,-1.6591322416516547,6.088016089538656
MUS_Mycetophyllia_danaana,20.93871853052041,-1.8732622694693157,5.6348679952788965
MUS_Mycetophyllia_aliciae,20.937878820286237,-1.7513770118236047,6.111822249866414
MUS_Mycetophyllia_lamarckiana,21.03017468076382,-1.5131256346672175,5.599565937817984
MUS_Mussismilia_harttii,20.484140656711944,-1.4288733649027339,5.136323093400387
MUS_Mussismilia_braziliensis,20.209581572876687,-2.0675885343545075,5.345070976016952
MUS_Mussismilia_hispida,20.346880061137124,-1.2647991342657476,6.14081973832226
FAV_Favia_leptophylla,20.098506173745985,-1.2985469596572934,6.914510606930659
FAV_Favia_fragum,20.255896397022482,-1.671225574673684,6.527827497813662
FAV_Diploria_labyrinthiformis,20.266899715417257,-2.185374765342458,5.537947290666883
FAV_Diploria_clivosa,20.594789981383485,-1.3144057106030096,6.338189424191728
FAV_Diploria_strigosa,20.323281638171483,-1.1367440103267357,5.686741027084374
FAV_Manicina_areolata,19.660861843984737,-1.939672959745888,5.5475280662052695
FAV_Colpophyllia_natans,20.872917947070263,-1.4347331235442278,5.362623015478154
MUS_Acanthastrea_hillae,20.299397316545683,-1.6876495342277442,6.344367687590316
FAV_Montastraea_multipunctata,20.588847210400868,-1.951123248316278,6.333076555994569
MUS_Micromussa,20.301637072493016,-1.8714897310207572,6.428974931077561
FAV_Moseleya_latistellata,19.734594930801162,-1.8064572737325701,7.1502350739871465
MUS_Acanthastrea_echinata,19.286008150956054,-1.3047559873591454,7.222093751593356
MUS_Acanthastrea_rotundoflora,20.26191541338336,-1.6049411640860032,7.121902598342039
PEC_Oxypora,20.29122729745276,-1.594072971319557,6.128164362658797
PEC_Echinophyllia_echinoporoides,19.77760809869484,-1.463875520506492,6.816463864023513
PEC_Echinophyllia_orpheensis,19.822227393053385,-1.7235409640166235,5.581682607198044
PEC_Echinophyllia_aspera,19.708078051806122,-1.0755799715382548,5.358035282043921
MUS_Cynarina_lacrymalis,20.380135725680805,-1.3091319204419052,6.460832621109621
MUS_Scolymia_vitiensis,20.194868555435107,-1.2894895894774026,7.857436575671996
MUS_Lobophyllia_corymbosa,19.74563969408616,-1.1045572813405726,6.511622711763574
MUS_Symphyllia_valenciennesii,20.019070731668965,-1.3062558775122246,7.7465999079446854
MUS_Symphyllia_radians,19.838017631605638,-1.7602463610023127,6.649039181333703
MUS_Symphyllia_agaricia,19.25902910797021,-0.9949824465177413,7.81667999510652
MUS_Symphyllia_recta,19.983496182687322,-1.4561804275762833,8.134037525146711
MUS_Lobophyllia_pachysepta,20.29953975096938,-1.239271414033794,7.28707207277292
MUS_Lobophyllia_hemprichii,20.10464038448634,-1.0862093796454049,7.107797293736181
MER_Orbicella_franksi,21.16866594911387,-2.4317387176371335,8.327948463271376
MER_Orbicella_annularis,22.202902662554216,-1.7285100815912449,7.974611536390838
MER_Orbicella_faveolata,22.222378856929872,-2.2118192214333043,8.057021205983478
FAV_Cyphastrea_ocellina,21.480529026021173,-0.921381474743488,6.693134276180831
FAV_Cyphastrea_chalcidicum,21.62189413483991,-1.6014857011136538,6.645323915134766
FAV_Cyphastrea_serailia,20.80125236108396,-1.51959513551749,7.143848067307951
FAV_Cyphastrea_microphthalma,20.77521743519868,-1.9362838156944786,7.150234031751627
FAV_Montastraea_salebrosa,20.19185021850455,-1.776185791349635,8.511982817730095
FAV_Echinopora_mammiformis,20.98222915083161,-2.6581534470562826,7.365378025859134
FAV_Echinopora_gemmacea,20.809957429538326,-1.8160954168194463,7.690176937987503
FAV_Echinopora_pacificus,21.23789736060873,-1.3227635023920414,7.0321247550610835
FAV_Echinopora_lamellosa,21.076186274173786,-2.0210668950879658,8.327954442243511
FAV_Echinopora_horrida,21.879335839089457,-1.7158582716812274,7.5239432670585265
EUP_Catalaphyllia_jardinei,19.707202147765074,-1.1873735611093479,7.363081562283504
FAV_Plesiastrea_devantieri,20.942963375782156,-2.1165783469244617,7.83751654291367
MER_Hydnophora_rigida,21.163152876916918,-2.7200173309395104,8.060844889035732
MER_Hydnophora_exesa,21.461670365306603,-2.6163776820492717,8.94650700571292
MER_Hydnophora_grandis,20.410735590417026,-2.761226959414694,9.210507069241423
MER_Hydnophora_microconos,21.22256115353518,-2.603935158683328,8.427129275884097
MER_Hydnophora_pilosa,20.532736677772828,-2.25878968795059,8.926689682632047
FAV_Leptoria_phrygia,18.70758108518188,-2.5969718338485857,8.569857098621412
FAV_Platygyra_sinensis,19.860584370063943,-1.8517469621723193,8.799587305413816
FAV_Platygyra_daedalea,19.962173032541873,-2.251710575982952,8.59592542665479
FAV_Platygyra_verweyi,20.342795616076224,-2.311842883906914,9.446127891715726
FAV_Platygyra_pini,20.23884154168921,-2.260785186147317,8.473413256300187
FAV_Favites_stylifera,19.74042159899862,-2.3273980537344228,8.92727434636742
FAV_Platygyra_contorta,20.07037455841459,-1.9839069683432282,8.526841322706732
FAV_Platygyra_lamellina,19.88298240539946,-2.6465457661433494,8.358131012873084
FAV_Platygyra_acuta,20.092147611440282,-2.159380030989252,8.962197343578637
FAV_Platygyra_ryukyuensis,19.738246462788503,-1.745748247370445,8.712026030330328
FAV_Favites_russelli,19.864217516407972,-1.9377106626875156,8.103129821219719
FAV_Goniastrea_australensis,19.193205716012013,-2.324046894159877,7.371246979434914
FAV_Goniastrea_deformis,19.428175497291594,-2.177391214908531,7.711251573662298
FAV_Goniastrea_aspera,21.205737963799244,-1.8888581532386697,8.027727573860997
FAV_Favites_paraflexuosa,20.73930475424975,-2.880061209769094,8.089015142379422
FAV_Montastraea_magnistellata,20.45621415890558,-2.0667834879628924,8.600858182926583
FAV_Favites_chinensis,21.090367776651117,-1.787810088204793,9.021328568282257
FAV_Montastraea_valenciennesi,20.97148257959256,-2.1052565801562375,8.240019716210186
FAV_Favites_abdita,20.843252190017427,-1.6018061392957945,9.763759234279908
FAV_Favites_complanata,20.72257344115032,-2.022149760496321,7.866507134151402
FAV_Favia_rotundata,20.60791438586913,-2.089211068535152,8.010098151115875
FAV_Montastraea_colemani,20.795069998477953,-1.6814578886951292,8.348096554369807
FAV_Favites_flexuosa,20.460633196017078,-1.898512506979077,8.964511668881437
FAV_Favites_halicora,20.424161295902362,-1.9687124801835971,8.01702648152871
FAV_Oulophyllia_bennettae,20.582528392817714,-1.5690175947144263,9.972355623133774
FAV_Oulophyllia_crispa,20.521525407682127,-1.5178263842084565,10.444302551401655
FAV_Caulastraea_echinulata,20.12380423871511,-1.48319982468502,10.38183948756612
FAV_Caulastraea_tumida,19.507911541050653,-1.7241974094587518,8.767495302094865
FAV_Caulastraea_furcata,20.53578032518809,-1.6851200612542567,8.753450145182274
PEC_Pectinia_ayleni,20.235562877704258,-3.0108010196463595,9.810241802520379
PEC_Pectinia_lactuca,20.00939720604586,-1.7430396537424198,10.346433306444403
PEC_Pectinia_alcicornis,20.305589943881113,-2.779361324130591,10.685152428531737
PEC_Pectinia_paeonia,19.974738509959067,-1.8739333284931594,10.194529134442647
PEC_Mycedium_robokaki,19.844779321684594,-1.8567408755052905,10.62086375926706
PEC_Mycedium_elephantotus,19.742938943898867,-2.4631561180474044,10.897442909610357
FAV_Favites_pentagona,20.972159241883286,-2.0101503034495387,9.871815988405041
FAV_Montastraea_curta,20.45394374258451,-1.4797299566588227,9.529828663222709
FAV_Favia_stelligera,20.1734122178351,-2.105368107440146,8.869026936667655
FAV_Goniastrea_retiformis,19.290718489490626,-2.115798330284686,8.932894313803388
FAV_Leptoria_irregularis,19.976361679494243,-3.2859862229313386,9.00242450568502
MER_Scapophyllia_cylindrica,20.451754231267984,-2.6182232370002634,9.048246440786395
FAV_Goniastrea_edwardsi,20.096575976205045,-2.2474844081985994,9.503103279307535
FAV_Goniastrea_favulus,20.047633174455274,-2.24174408848442,7.99643068405516
FAV_Goniastrea_pectinata,19.93948264944368,-1.927531583465605,8.696808291705292
MER_Merulina_scabricula,20.075782963516794,-2.5955259795696137,8.341584379827365
MER_Merulina_ampliata,19.43027064280086,-2.5615849549299567,8.828975845484564
FAV_Favia_maritima,20.62105455702915,-2.4123261832806873,9.623528533278003
FAV_Favia_truncatus,20.68372779356433,-2.0886407322816223,8.814675607080023
FAV_Favia_rosaria,19.993299580239213,-2.135906332624681,8.760415121572374
FAV_Favia_maxima,21.07059623515957,-2.088029295313551,9.577149715180393
FAV_Barabattoia,20.604475255541093,-2.583287574808601,8.4339768007981
FAV_Favia_favus,20.514919222608015,-1.6942022440675994,8.697251396668886
FAV_Montastraea_annuligera,20.448866462216813,-1.8598281436653226,9.73212560557225
FAV_Favia_laxa,20.615412923980635,-2.2648364411543565,8.829723088063236
FAV_Favia_danae,20.881166652137345,-2.1434318745221557,8.768453495373768
FAV_Favia_pallida,20.993314673849948,-2.370165532953589,9.765123163956634
FAV_Favia_matthaii,21.118221300886134,-2.565853118807179,8.818448751444642
FAV_Favia_lizardensis,20.17001237052625,-2.4888765945230844,9.186621266786542
FAV_Favia_speciosa,20.805378237396777,-1.7183106643235988,9.236054073596785
FAV_Goniastrea_palauensis,20.22545409812082,-1.1994416901336453,8.599383556504746
TRC_Trachyphyllia_geoffroyi,20.4921388105572,-2.010643884623074,8.780850627112207
FAV_Favia_rotumana,20.80784117494546,-2.4971745641364107,9.1608982994599
GUY_Guynia_annulata,-11.195527432013979,7.555641268652773,-2.9044350933045964
FUA_Fungiacyathus_pusillus,-15.161518639315435,16.113083847788733,0.28767161771871225
FUA_Fungiacyathus_marenzelleri,-16.292167026583545,16.90005556508044,1.8290459992069108
FUA_Fungiacyathus_turbinolioides,-15.353384377645684,16.57783938865453,0.5385845422381342
FUA_Fungiacyathus_fragilis,-15.222344136500414,16.94088724814303,0.5722688049516638
FUA_Fungiacyathus_stephanus,-15.778913537611665,17.51016311738951,0.7868956948185023
CAR_Deltocyathus_magnificus,-16.10487493653034,18.160334325916093,2.234498183044419
TUR_Tropidocyathus_lessoni,-15.909023812979697,17.525655813627946,1.9493664828195896
TUR_Cyathotrochus,-16.102576049772363,18.05184762297486,2.5575451730221452
CAR_Trochocyathus_rhombocolumna,-17.42547604411691,17.49659814455845,0.8057986820104912
TUR_Tropidocyathus_labidus,-17.2795684668028,17.43412643608877,0.10216439786498828
TUR_Notocyathus,-17.521632236050912,17.23740115787209,0.7343423804529153
FLA_Javania_insignis,-15.80014760891277,17.57683186671865,-1.8163732569685593
FLA_Placotrochides,-15.67453720918604,18.080171217392422,-1.4845325055317096
FLA_Javania_fusca,-16.43669143378726,17.703256933242148,-0.8996247574825919
FLA_Placotrochus_laevis,-14.951553129519056,17.809613511213513,-2.489882156003243
FLA_Rhizotrochus,-15.373676655672671,18.623837259893588,-1.7301715833834086
FLA_Truncatoflabellum_spheniscus,-14.807579505592956,17.72713796591228,-1.8436550611473965
FLA_Truncatoflabellum_australiensis,-15.18441189279279,18.186306760396697,-2.5239701795516702
FLA_Truncatoflabellum_candeanum,-15.30737875735966,18.21318475741138,-1.2189377946505067
FLA_Flabellum_apertum,-16.846867798282258,18.595410056495357,-1.0645134679167516
FLA_Flabellum_angulare,-15.844005661077057,17.886679191589895,-2.062124628953165
FLA_Flabellum_lowekeyesi,-15.904200481993731,17.50887610102869,-1.775665321783789
FLA_Javania_lamprotichum,-16.28314100337323,17.963756064237042,-1.7409450689520194
FLA_Flabellum_impensum,-15.739310064211168,17.39318313728265,-1.3986638586417295
FLA_Flabellum_deludens,-16.542580847902414,18.255188399032562,-1.9959882202464763
FLA_Flabellum_japonicum,-15.334099302657595,17.833861653681613,-2.657597367535626
FLA_Flabellum_tuthilli,-16.26276041108384,17.941394498940735,-1.2581208967462305
FLA_Truncatoflabellum_macroeschara,-15.513334246199854,17.738113063855128,-0.3390570553421082
FLA_Javania_exserta,-14.993010059048347,18.93257816599977,0.6454955280747782
FLA_Flabellum_magnificum,-14.736882254840856,18.145326417376264,-1.6977639340584254
FLA_Flabellum_arcuatile,-14.894348787774945,18.701466230072008,0.035989750801679675
FLA_Flabellum_pavoninum,-15.29884069049604,18.377339435515374,-0.4709764298967131
FLA_Truncatoflabellum_formosum,-14.907390338490657,18.33554491239099,-0.8111499842804043
FLA_Monomyces,-15.40798203218627,18.81105342059621,0.18919521665119093
FLA_Flabellum_folkesoni,-15.95188588747775,18.028505758515948,0.004639910628613029
FLA_Flabellum_lamellulosum,-16.50476762392956,18.03694949043087,-0.06760367037040393
FLA_Flabellum_vaughani,-16.010800151231564,17.80810662929407,-0.9306075930123563
DEN_Heteropsammia,-16.04890803315271,17.695795956003533,0.7714042158923454
DEN_Balanophyllia_desmophyllioides,-16.55689117666035,18.76672065612943,1.13937701800888
DEN_Endopachys,-16.520869934386727,18.506469513689726,1.0248514880224198
DEN_Balanophyllia_gigas,-16.630582909518264,19.215926153603903,0.5237614608076584
DEN_Balanophyllia_dentata,-16.87589020462447,19.250769120292567,1.690063896450272
DEN_Balanophyllia_regia,-16.124093387108275,19.843392592171966,1.1533877200007363
DEN_Balanophyllia_cornu,-16.63103009350742,20.03462955428637,0.9863492101725124
DEN_Balanophyllia_elegans,-16.66388116997042,19.63690908103948,1.139969922567382
DEN_Leptopsammia,-16.47986896437587,19.69595818698886,1.2765006615470031
DEN_Dendrophyllia,-17.049223265176625,18.800176212636405,1.5049856159699608
DEN_Enallopsammia,-16.652026612246388,19.043614589055423,2.3919049814036977
DEN_Turbinaria,-16.964234223409985,19.90544348082053,2.5594536898976927
DEN_Cladopsammia,-16.27925731274472,18.931850803894072,0.7055109249636344
DEN_Tubastraea,-16.316399692721426,19.585839644612495,0.6925517489820069
POR_Goniopora_columna,-17.11071744308971,18.29481005173002,3.5436791202045455
POR_Goniopora_stokesi,-17.707069630492906,17.905187009842823,3.2081008513571336
POR_Porites_colonensis,-17.67056403379764,17.828090709366336,1.9103106209233507
POR_Porites_panamensis,-16.40384064095058,17.96012579858373,2.717984721842725
POR_Porites_porites,-17.3322665704908,17.601472254068188,1.6813697028656556
POR_Porites_branneri,-17.12390769691417,17.92251698872249,1.7847962137338984
POR_Porites_divaricata,-16.846334139073893,17.893252924623155,1.6183875416183215
POR_Porites_furcata,-16.278156192740187,18.920459966540232,1.3231835177646527
POR_Porites_astreoides,-16.82958518730399,18.38269199602905,4.1783664644597724
POR_Porites_annae,-16.928334446973665,18.47920073551379,4.341828637072264
POR_Porites_evermanni,-16.453411209678304,18.78940289868168,4.3194459960722416
POR_Porites_compressa,-16.278697940388795,18.153921438040094,4.03678112518693
POR_Porites_duerdeni,-16.64165129524418,18.132969188592767,3.0765647901335216
POR_Porites_lobata,-16.741456373983937,18.508389465833556,5.0092527756830005
POR_Porites_rus,-15.132937710631811,18.362788735362077,4.172086687133269
POR_Porites_lichen,-15.800099120109417,18.129238929734495,3.9568071345391287
POR_Porites_randalli,-16.028495013300613,18.025026945045582,5.117591284996132
POR_Porites_cylindrica,-15.842203190933184,18.828930498587205,5.4656422580355
POR_Porites_solida,-16.423446158763575,18.291937684021004,3.4091795834705776
POR_Porites_lutea,-15.821913559750131,18.82684276222583,3.751293121928261
POR_Porites_okinawensis,-16.635630817874524,18.783654322675503,3.903625606772567
AST_Stephanocoenia_intersepta,-15.332035576770759,3.482658017819684,-0.17850704869362466
CAR_Hoplangia_durotrix,-14.578810467087918,3.831571647203997,0.6560830183590207
SID_Pseudosiderastrea_formosa,-16.777132476747525,0.35930133895735056,1.1182549294671773
SID_Pseudosiderastrea_tayami,-17.360219275526003,0.9953298359275147,0.8307689569316137
SID_Siderastrea_savignyana,-17.472267784829192,2.317698961410457,2.336766974484574
SID_Siderastrea_siderea,-17.041656161184715,1.2561621673563568,3.4033356431530204
SID_Siderastrea_radians,-17.454879885942496,1.7493573641466276,2.8353077815925216
SID_Siderastrea_glynni,-17.609552645674924,2.0368412830594895,2.9608987077630853
SID_Siderastrea_stellata,-16.476808798461107,1.89498551585399,4.366919945118417
AGA_Helioseris_cucullata,-19.285566167260615,-0.7664970155893256,0.20871719718194975
CAR_Thalamophyllia_gasti,-20.0689599390494,-0.978129574803836,-0.617969589193782
CAR_Thalamophyllia_riisei,-20.06050447241709,-1.175778624895302,-1.2973861083998321
CAR_Dactylotrochus_cervicornis,-18.868437385688484,-2.105068165843355,0.31410307235796675
AGA_Agaricia_humilis,-20.010255062921722,-1.824933797557027,0.4906081053157235
AGA_Agaricia_agaricites,-19.420514384574847,-1.884132565995603,0.4060218624983911
AGA_Agaricia_tenuifolia,-19.296296655598862,-2.9062992027096914,-0.11227155569395555
AGA_Agaricia_fragilis,-19.719189469406285,-2.3696688489363953,0.35711912299401627
AGA_Agaricia_lamarcki,-20.217570685969417,-2.0348994283009545,0.6742619197831743
AGA_Agaricia_grahamae,-19.965669781385188,-2.5046718532946795,0.04311184601552344
AGA_Agaricia_undata,-18.805029048875404,-1.7256770947942384,0.5735995438663443
AGA_Leptoseris,-19.211192719839616,-1.4116947885863391,1.105421179583475
AGA_Gardineroseris_planulata,-18.493392855033374,-1.414194811277774,1.3932167588471351
AGA_Pavona_varians,-18.825275821566496,-1.8034682199369065,-0.094397841702912
AGA_Pavona_clavus,-18.401205729537388,-1.5883301169131245,0.18556899885746667
AGA_Pavona_cactus,-18.02497117234879,-1.522648219257129,0.43148905940057397
AGA_Pavona_frondifera,-18.078523184711546,-1.356628542816609,0.16214541729371829
AGA_Pachyseris,-20.170215992150148,-0.9621663006857193,3.7000666351866034
EUP_Euphyllia_ancora,-20.250929876698226,-3.4495256474063645,1.9979924316373294
EUP_Euphyllia_divisa,-20.503367781259787,-3.4974206454053514,1.4892251986129517
MEA_Ctenella_chagius,-18.4050817380561,-2.434925354475862,3.4840828355902937
EUP_Euphyllia_glabrescens,-18.743555540935276,-2.210546469473906,3.3039599707145317
OCU_Galaxea_fascicularis,-19.68460816291929,-2.7038582077962268,3.4690484205370566
OCU_Galaxea_horrescens,-19.874329857449183,-3.370252983039404,2.9162009686873387
OCU_Galaxea_astreata,-19.801357259728352,-3.6050298329304704,2.926382024015757
POR_Alveopora,-19.903638656549994,-3.7807841484268327,3.428245671004878
ACR_Astreopora,-21.941150444787535,-7.076560375661899,0.28198471875636605
ACR_Montipora_digitata,-23.35894249138588,-7.605127852634294,-1.9858281130230302
ACR_Montipora_mollis,-23.27159651528296,-7.632512153611906,-1.1338631923383393
ACR_Montipora_spongodes,-22.95271747218422,-8.185668829333073,-1.5886360378265816
ACR_Montipora_hoffmeisteri,-23.48803589667253,-8.157081746378338,-1.1925916231739617
ACR_Montipora_circumvallata,-22.695081457808826,-8.234311324625809,-1.1258253333944588
ACR_Montipora_incrassata,-23.308717811994274,-8.113105105467923,0.48619324033894895
ACR_Montipora_florida,-22.58113716999531,-8.171382679610547,-1.3475904855495577
ACR_Anacropora_forbesi,-22.927070760539817,-8.380393104486727,-0.15734401056675335
ACR_Montipora_cactus,-22.83841698524237,-8.513773023970003,-1.0340455633614716
ACR_Montipora_aequituberculata,-23.221954254911655,-9.10571032906459,-0.9043390204919929
ACR_Montipora_stellata,-23.366986878345106,-8.124418263489043,-1.520919347765693
ACR_Montipora_altasepta,-22.265681671141778,-8.728668478274779,-0.6175584267733641
ACR_Montipora_efflorescens,-22.585091871195413,-8.636431776680226,-1.7058800079526764
ACR_Montipora_delicatula,-23.045492420353614,-8.526833470672504,-1.554872819761923
ACR_Montipora_peltiformis,-22.446417093984437,-8.687095024706798,-0.7075219117176104
ACR_Montipora_foliosa,-22.498679924203675,-8.412103652622182,-1.3974043853998426
ACR_Montipora_hispida,-23.005687658945636,-8.299125039066531,-1.945729452605985
ACR_Montipora_patula,-23.164347230362207,-9.127982361949243,-1.7063415252191136
ACR_Montipora_verrilli,-23.01826220171887,-8.501452363519578,-1.6650512449190917
ACR_Montipora_capricornis,-22.94594615724991,-8.894943063624702,-1.1783060538656207
ACR_Montipora_confusa,-23.266245226561914,-8.224179556607735,-1.8248129272336526
ACR_Montipora_gaimardi,-23.482304049785,-8.24900059493983,-1.4203657288765652
ACR_Montipora_undata,-23.12164313920681,-8.297129222855595,-1.7796775085188137
ACR_Montipora_angulata,-22.936738402610935,-8.707417737301855,-1.9007755442734968
ACR_Montipora_danae,-22.813243605563432,-7.847562112421378,-1.4981959580907978
ACR_Montipora_capitata,-22.909973619573137,-7.7954449916247555,-2.074708705074718
ACR_Montipora_verrucosa,-22.281432763582053,-7.837244989953564,-2.0959955337651794
ACR_Montipora_dilatata,-22.65318448745341,-7.712847889478656,-1.2177052003354774
ACR_Montipora_turtlensis,-22.621147782826156,-8.172478589545317,-1.6094192045700755
ACR_Montipora_flabellata,-23.004729545134914,-7.826364995192483,-1.3878084050461192
ACR_Montipora_turgescens,-21.917993740552713,-8.75669735868409,-1.670978678662259
ACR_Anacropora_matthai,-22.541510813774575,-8.378823642425445,-2.239723792864532
ACR_Isopora_togianensis,-22.468779092668857,-8.41529582088733,-0.28354742860942106
ACR_Isopora_brueggemanni,-23.282089833270568,-9.483554417827483,-1.6702257046461815
ACR_Isopora_palifera,-22.701018498563265,-9.574780464500156,-2.15778220984221
ACR_Isopora_cuneata,-22.275904509062283,-8.662247969608622,-1.1153658228763608
ACR_Acropora_austera,-22.859596615451522,-10.850093463772216,0.9274798002227614
ACR_Acropora_tenuis,-23.756058833555684,-10.58021097764938,1.0226047743745212
ACR_Acropora_intermedia,-23.97116503523168,-10.439036806390812,1.907654896231289
ACR_Acropora_donei,-24.02640145741907,-9.625322544797353,0.4644554176600332
ACR_Acropora_echinata,-24.088345979673363,-10.84933877938092,1.0147388084268272
ACR_Acropora_subglabra,-24.2683054281838,-10.328121691988166,1.6006182515261165
ACR_Acropora_abrolhosensis,-24.54864130923654,-10.46397762693072,0.8657078076488612
ACR_Acropora_elseyi,-24.050415631912887,-10.77640706330752,0.6380677668444389
ACR_Acropora_cervicornis,-24.0723265903376,-9.98486647995629,1.170486747452021
ACR_Acropora_palmata,-23.277106416922273,-9.605981434203724,2.649302666220386
ACR_Acropora_latistella,-24.244771371701848,-10.664502355781224,0.9765804051581126
ACR_Acropora_nana,-24.163382938499154,-10.312198468842592,0.02187136225040973
ACR_Acropora_abrotanoides,-23.362886509222797,-10.232934263848302,1.2116800434067034
ACR_Acropora_robusta,-24.320672980876303,-10.09296563166819,-0.052962824273909505
ACR_Acropora_kirstyae,-24.109321120115915,-10.22789718757449,1.1729046998440025
ACR_Acropora_derawanensis,-24.417470308629333,-10.472271098835208,0.27709145374729555
ACR_Acropora_florida,-23.796817183668466,-10.13800237061627,-0.26761586257710834
ACR_Acropora_sarmentosa,-23.43382800803225,-10.266081993196455,-0.6564564330268873
ACR_Acropora_samoensis,-24.31475945011753,-10.8631586451885,0.621901560176125
ACR_Acropora_globiceps,-23.652485203760605,-11.608886470530784,0.2957306678418186
ACR_Acropora_humilis,-23.93562264279357,-10.742463939052545,1.0821544704058266
ACR_Acropora_gemmifera,-24.08620956617385,-10.335023719058062,2.2468420071156183
ACR_Acropora_retusa,-23.986930352920844,-10.86741357867479,0.5500396869432245
ACR_Acropora_multiacuta,-24.397458829861016,-10.374175377003956,0.5811946898399439
ACR_Acropora_digitifera,-24.285785743568567,-11.51812591626361,0.3972037904667426
ACR_Acropora_monticulosa,-23.87874168043246,-10.92120698141529,1.3092395667717527
ACR_Acropora_cytherea,-23.55147224270404,-10.707860934774063,1.1704828625664867
ACR_Acropora_indonesia,-24.208323575203753,-10.478891027213496,0.4788602725303935
ACR_Acropora_microclados,-24.217459347712328,-11.041233099871484,0.7309114878457669
ACR_Acropora_anthocercis,-24.647986456272207,-10.83286038846349,0.42261622240565916
ACR_Acropora_hyacinthus,-24.040408475632884,-11.060340089968987,0.8699934544643941
ACR_Acropora_microphthalma,-24.264903446133435,-10.581961823761294,-0.13870613896638287
ACR_Acropora_spicifera,-23.67506521655685,-11.167869685666023,0.06228775530367299
ACR_Acropora_divaricata,-24.410459881811107,-10.863617571309817,-1.3093411856539228
ACR_Acropora_solitaryensis,-24.462827937291056,-10.647395001462222,-0.5177145924673631
ACR_Acropora_batunai,-24.26164207483843,-11.053637020894561,-0.3254315008154136
ACR_Acropora_longicyathus,-23.85196926429815,-10.749352940333534,0.553490331722004
ACR_Acropora_caroliniana,-24.98758644567084,-11.118121919590966,-0.40497530287803674
ACR_Acropora_speciosa,-24.308460754232776,-11.090837257618563,-0.12475816244513453
ACR_Acropora_tortuosa,-24.57283448137471,-11.477182660455542,-0.9825675159989795
ACR_Acropora_acuminata,-24.96648309578379,-10.715838937654922,-0.13504578414486695
ACR_Acropora_dendrum,-25.237884756694307,-10.498556394422994,-0.0009294057559131069
ACR_Acropora_yongei,-24.068188000618427,-11.771763284452028,-1.1686559087276902
ACR_Acropora_spathulata,-25.08874243809742,-10.736768757721094,-0.37268427141952853
ACR_Acropora_carduus,-24.531953704524433,-10.301133106245949,0.5953931730435873
ACR_Acropora_granulosa,-24.0030985952089,-10.653935596059641,0.6183952619038156
ACR_Acropora_bushyensis,-23.95067425892607,-10.68055097530665,0.07973267655779011
ACR_Acropora_horrida,-24.32918857282738,-10.905572359718995,0.4526107393025756
ACR_Acropora_polystoma,-24.466032368329245,-10.737175899264637,0.4789325412848712
ACR_Acropora_hemprichii,-24.076609006420654,-10.652743670660751,0.39222049958585126
ACR_Acropora_millepora,-24.18516111299008,-10.476721092476069,0.7092741009484962
ACR_Acropora_selago,-24.66470162543822,-10.271198244872283,-0.4936864880575007
ACR_Acropora_muricata,-23.82130239728971,-10.521121384186806,-0.3278425788304971
ACR_Acropora_aspera,-24.479455553383104,-10.622343958401858,-0.4207612279769693
ACR_Acropora_pulchra,-24.056437833683297,-10.477851982599176,-0.6771047562181107
ACR_Acropora_grandis,-23.817490951030454,-10.168873475426299,0.23339434686082366
ACR_Acropora_listeri,-23.9557696340951,-10.862521435927425,0.09734727576082813
ACR_Acropora_cerealis,-23.48537146777688,-11.183988472607295,-0.6984783155283828
ACR_Acropora_lutkeni,-23.780262052773967,-10.607753734028657,-0.206048629824202
ACR_Acropora_valida,-23.869216723729238,-10.446012102429638,0.41696499070072174
ACR_Acropora_kimbeensis,-23.830912920624325,-11.169703248198944,0.28448015690673595
ACR_Acropora_nasuta,-24.00446617202806,-10.575363390264735,0.7116186781986475
ACR_Acropora_loisetteae,-24.960068477204263,-10.750499738074161,0.00954292901737747
ACR_Acropora_vaughani,-24.80615511714622,-11.520206634006549,0.5248258854455143
ACR_Acropora_papillare,-24.3318243919303,-10.787657858043783,0.17011583203324587
ACR_Acropora_tenella,-23.8692479164605,-11.504838951154536,-0.04446541114722583
ACR_Acropora_pichoni,-23.755560821702037,-11.901733300390767,-0.30983302841547694
ACR_Acropora_elegans,-24.720502281987905,-11.282393393073761,0.7831900888504767
ACR_Acropora_walindii,-24.332205160844502,-11.591072671673047,0.11518302268804992
ACR_Acropora_chesterfieldensis,-24.271224328447325,-11.657730474150533,0.35918560564648594
ACR_Acropora_loripes,-24.095638945217374,-11.317657478012313,0.32888042795821165
ACR_Acropora_lokani,-24.248637849228157,-10.592398854138535,1.0553604539323578
ACR_Acropora_jacquelineae,-24.603892624721876,-11.165555605835284,0.3569206532756759
ACR_Acropora_rongelapensis,-24.301156239420088,-10.557291964789773,-0.03610331204586617
