"Taxon","Trait1","Trait2","Trait3","Trait4","Trait5"
"COR_Discosoma",-22.4691812523542,14.6467542728922,17.270265485562,26.5277026201274,18.3240093557469
"COR_Ricordea_florida",-78.1975760241403,-11.1153102070324,39.7323295593253,6.52577695127967,51.3861069910505
"MIC_Letepsammia",4.45655193574785,30.2844575953725,14.0971133016754,-19.2856437009319,-1.03427924494778
"MIC_Rhombopsammia",-11.0101203534777,34.2338374377289,16.0088514745031,-30.1258435401248,13.7481197656397
"MIC_Stephanophyllia",-15.1709090754881,29.4978561720054,19.4171090203424,-26.7063759004712,15.4744316261964
"GAR_Gardineria_hawaiiensis",-56.987386802838,43.1384122201542,-1.36980586547382,-15.7281113088332,12.4511967839872
"GAR_Gardineria_paradoxa",-74.4037766123213,50.7111528446406,-19.5644397700937,-33.2345812575493,19.5352965971358
"ANT_Anthemiphyllia_patera",-96.6419252750911,23.3419198482977,14.8790342370952,-19.1744293356951,52.3211171813442
"CAR_Deltocyathus_ornatus",4.71316133528615,58.5642673107456,-23.1529181164101,6.09636905481095,-53.8760205275129
"CAR_Deltocyathus_suluensis",23.5712530432244,58.3167303861936,-42.7473077521789,15.1066819221971,-60.1590788796588
"CAR_Deltocyathus_sarsi",31.4023198002357,46.8037921138934,-47.8600285115738,29.9017204116691,-64.5991229621373
"CAR_Deltocyathus_inusitatus",33.4411801252124,53.2135925379583,-42.2426740561212,27.6022186314592,-62.456421652423
"CAR_Deltocyathus_rotulus",30.2274206495723,43.5870859816277,-34.3901739249865,28.1703659622213,-57.4314789589786
"ANT_Anthemiphyllia_spinifera",64.5180848893163,-11.9426140085913,26.6277100255739,36.6658689152104,-13.252869494285
"ANT_Anthemiphyllia_dentata",-32.0826597580759,49.0109053973269,-76.9905091637633,31.9573054331163,-5.33974802093801
"CAR_Ceratotrochus",-48.0964772870674,40.3986668520519,-62.4408153263213,31.4940387079004,7.15854857886671
"CAR_Conotrochus",-43.5492420165664,42.8813093616239,-60.6573823124402,32.9119844936939,5.13355492573441
"CAR_Vaughanella",-77.5165372083349,85.62172647311,-73.3249228165579,14.4622846299443,-2.13985759655809
"CAR_Stephanocyathus_weberianus",-56.1190964770392,81.5840793816282,-77.3658683041899,32.6221982595366,-18.7386274192239
"CAR_Stephanocyathus_platypus",-65.6265623125997,76.4675658119482,-88.8248999593283,23.5954495416178,-17.7202546366365
"CAR_Stephanocyathus_coronatus",-69.4065955985388,62.2810002822836,-90.1933442650531,28.3067689225311,-9.53484095158504
"CAR_Stephanocyathus_spiniger",-72.6464068926197,62.2888789991425,-94.1240327534846,25.8050755414209,-12.7858083745009
"CAR_Caryophyllia_versicolorata",-34.427560764166,13.6992929023496,-42.2064394327264,48.4703493780452,-17.8329258330441
"CAR_Crispatotrochus",-23.5601603622488,19.3945822421929,-47.8843202461152,50.1850651639842,-22.6254863423124
"CAR_Caryophyllia_inornata",-18.7871687774854,23.4539765669674,-52.7131866883023,57.2031839542888,-17.365943936263
"CAR_Caryophyllia_rugosa",-40.9182618606979,16.4207776655564,8.77643227762612,45.4383692389358,10.6516969887557
"CAR_Caryophyllia_lamellifera",-6.94648308347336,33.3294063109842,-7.26008958114279,42.1256623584401,-16.1032676333934
"CAR_Caryophyllia_grayi",-26.2241622017941,33.5588067624497,-8.54453500377764,46.0803862917128,-10.0618318157244
"STE_Stenocyathus_vermiformis",-14.4910403816308,28.8208499209303,6.14822254792808,47.1595822078241,-9.47793996960898
"CAR_Caryophyllia_planilamellata",-7.92357743557011,50.3587919473544,-26.6986131971553,38.6099729657356,-8.58761864140378
"CAR_Caryophyllia_quadragenaria",-2.38760347209532,60.0378015696061,-18.4061049698251,30.6649203038341,-28.0546699407706
"CAR_Caryophyllia_ambrosia",3.40233928157395,44.3078076640825,-9.57704917280351,37.6444294306653,-23.3622380910695
"CAR_Caryophyllia_atlantica",6.92362935806032,46.3991955970836,-10.0227843214923,38.3807397711484,-23.7247968426903
"CAR_Dasmosmilia_lymani",16.8734660902806,43.527776432277,-20.2242638410705,58.7206715364546,-25.9175582692854
"CAR_Caryophyllia_scobinosa",12.0736205952946,38.4496480174137,-11.9991829571851,45.0132120170037,-24.104382957364
"CAR_Caryophyllia_unicristata",24.6617764718675,45.6714583035937,-9.58286219894936,58.6901403366295,-27.0802784975128
"CAR_Caryophyllia_grandis",18.2322260478228,51.4903612779919,-12.0805364031759,61.0566203599151,-27.1387612142903
"CAR_Caryophyllia_transversalis",25.821959776685,51.0040100116533,-9.12666730934236,61.384805590686,-26.8675502157735
"CAR_Lophelia_pertusa",-43.2172090324576,32.4578785342284,5.0309812858793,32.8036564329536,17.0220072653878
"CAR_Solenosmilia_variabilis",-43.5747053473894,37.7463273869292,-31.4109970960141,37.7443112587697,-10.8692711546649
"CAR_Caryophyllia_diomedeae",-38.7841206597611,36.126334997948,-42.2341538702167,37.094209346545,-13.8102666171932
"CAR_Desmophyllum",-34.9598125320006,31.8935935072761,-28.5531610498557,35.6471175323999,-15.4169218077027
"CAR_Caryophyllia_ralphae",-100.3906309204,25.8577861792911,-46.2717460916659,-3.21001386631064,22.2650935878196
"CAR_Rhizosmilia_robusta",-86.6700719321516,35.9106321078971,-37.2512495663849,22.7350265459206,18.9935071743146
"OCU_Madrepora",-89.0061887304699,14.5799512807681,-43.3263763487559,9.72465727455832,27.1439491245371
"AST_Stylocoeniella",-47.2649405780183,103.500510658578,-8.47104281121662,3.47248796201264,29.6531617558801
"AST_Madracis_senaria",-42.4735317359231,85.0025920017215,-50.7663462118865,5.63424969284189,13.7669001962341
"AST_Madracis_formosa",-43.282125089056,92.9840856377603,-88.0451416095644,1.79277280647512,-8.44112030682678
"AST_Madracis_carmabi",-36.3186847706964,93.6297823957585,-68.1262401792328,10.2272658867919,-6.6387757164144
"AST_Madracis_auretenra",-24.326881581143,80.6051825314167,-62.2696520252133,18.5966503657777,-4.66838376486427
"AST_Madracis_asanoi",-33.2098124181462,82.5885487679082,-65.3571163588688,16.6662825906006,-2.59245394139576
"AST_Madracis_pharensis",-28.8766872973424,85.8132712372221,-76.9045930583573,14.1513908265129,-10.903501683539
"AST_Madracis_decactis",-31.3036778941923,86.7111562703792,-70.6279378187155,10.2474618987281,-8.35389895544917
"POC_Stylophora",-25.7031097292541,86.0158869819852,-50.8550088282959,28.6451472697633,18.2401922139941
"POC_Seriatopora_caliendrum",-29.4426086333948,80.4291604834979,-37.7302524710741,34.1047560068365,16.6738061590879
"POC_Seriatopora_hystrix",-31.9415697418648,89.3386598879827,-41.1386997554659,33.4387061496662,11.4526862974089
"POC_Pocillopora_meandrina",-57.4029494798979,74.0341006848725,-31.7625320937637,5.63680528648469,33.0662548522243
"POC_Pocillopora_eydouxi",-56.0464044065095,69.1640217139461,-34.6374598136765,15.0738206693163,32.483573311901
"POC_Pocillopora_damicornis",-60.1711068088491,69.5589094844256,-27.9618353723469,7.93830382574107,38.4958902996935
"POC_Pocillopora_verrucosa",-59.2103831973018,70.2717761165637,-38.9693399068153,12.8113089300484,30.200936874388
"CAR_Heterocyathus",3.52831498747363,49.2808498908958,-29.1725998575526,-6.88400538439305,-3.90927784552695
"FAV_Oulastrea_crispata",-2.58279934297682,50.1474866373671,-26.7878889343041,-10.4508630797541,-1.77711736418664
"CAR_Rhizosmilia_sagamiensis",-28.2487750427462,42.1635924263828,-1.8289916904872,-12.4133781352113,17.0936898052588
"CAR_Phyllangia_papuensis",-27.604958310214,37.3196366919514,-17.4610758305075,-9.88810470895883,4.4770775989138
"SID_Anomastraea_irregularis",-42.7109519334308,73.5351022322095,-7.05966676020025,-19.1573804298426,16.1069557674574
"SID_Horastrea_indica",-52.4275094117476,69.1626622832322,14.4478408256826,-41.0919967223151,31.6235263672179
"SID_Coscinaraea_columna",-35.9707547780965,101.33795679439,-38.8536325096048,-9.9286852273923,-15.1426490258415
"SID_Psammocora_contigua",-79.1296433696699,99.0651347189923,-31.2035732029235,-41.2255376132005,20.7407486812261
"SID_Psammocora_nierstraszi",-82.8496582304295,104.092763684413,-34.8596874323909,-40.2222155768521,15.8052009757148
"SID_Psammocora_profundacella",-77.1526603209549,100.145596569884,-31.7311478888119,-35.3322200255156,18.486095713159
"SID_Psammocora_digitata",-81.6260893190629,94.3287454472427,-45.645810160358,-38.3152874611189,12.5083385578505
"SID_Psammocora_albopicta",-74.5289247808921,92.9356372498444,-39.7755350986211,-35.1027151318097,7.80402870860958
"SID_Psammocora_haimeana",-72.2718625567735,94.2397847072976,-39.7405869795234,-35.4841446087658,5.81271924103694
"FUN_Pleuractis_gravis",-99.6178740312464,59.7120930300507,7.13160575696674,-47.2220030442285,35.7686127710967
"SID_Coscinaraea_wellsi",-84.2139729432,63.4772314769136,-8.32459193763128,-31.4166681789998,23.7107392706929
"SID_Psammocora_explanulata",-87.9233861686296,62.892890923184,-9.19629522718654,-35.1576847124805,25.5125278232283
"FUN_Pleuractis_paumotensis",-95.0095985795683,53.3740215634443,-5.21849378493911,-31.2328985698597,37.0327845722686
"FUN_Pleuractis_granulosa",-86.5825810078201,53.3442374366887,1.28872145813077,-20.1838918844642,37.4467013328441
"FUN_Pleuractis_moluccensis",-90.0275697588274,51.8392907036936,3.42754572187252,-20.0273576772784,39.146744357671
"FUN_Cycloseris_cyclolites",-101.826831696512,39.1366079731172,-21.1938693274335,-28.4001189415919,32.738633378045
"FUN_Cycloseris_tenuis",-105.235370050909,38.9916248681992,-18.4628534987929,-32.1965820784359,34.805829658788
"FUN_Cycloseris_mokai",-102.821580604175,44.4480246911963,-19.6121331613218,-35.276346336072,34.8340650176476
"FUN_Cycloseris_fragilis",-101.238250880028,42.5923878363545,-16.6498079470829,-30.127130860496,33.2912748351023
"FUN_Cycloseris_vaughani",-105.641806117439,45.4736463101469,-17.4503637004204,-35.5981760826409,35.0557591135941
"FUN_Cycloseris_costulata",-94.6037548337646,43.3993978378018,-13.2281648803036,-28.8329174731865,27.1353584006416
"FUN_Cycloseris_sinensis",-98.4580029274432,40.6351679621739,-13.3310705599815,-30.5724814130749,28.5860186894547
"FUN_Ctenactis_crassa",-72.9278397842562,35.9670455141329,0.0237185957761152,-23.8629636977322,32.0735152631029
"FUN_Ctenactis_albitentaculata",-72.5608658690653,41.8066099169658,-2.71742710846423,-25.4711923099585,21.9763365711252
"FUN_Ctenactis_echinata",-71.3590298050187,40.7333192489225,-2.74044439755609,-25.7350633297337,23.0937640522595
"FUN_Herpolitha_limax",-73.9346189692755,43.3918398234237,-20.8739126900119,-29.1144365258012,10.9942326273361
"FUN_Polyphyllia_talpina",-65.6795043000228,45.3700917160515,-13.190986248038,-27.2582283435223,15.6116403298467
"FUN_Lithophyllon_concinna",-17.1854464125603,36.2717944950456,3.27769631310189,-20.1270048572968,11.2979102238469
"FUN_Lithophyllon_repanda",-23.1741045680322,41.0530451677923,-0.491927001729516,-23.6912297611409,12.1655936925621
"FUN_Lithophyllon_spinifer",-50.9825759227528,57.680800025188,-40.5184742525614,-24.8948985100259,-0.830820655534861
"FUN_Lithophyllon_scabra",-36.2120032408855,52.0566150315621,-33.8533917791199,-16.5508163704264,-1.64254834929867
"FUN_Lithophyllon_undulatum",-36.4221565314476,56.3825340470399,-39.8039330202842,-14.5679700127228,-5.10969015901505
"FUN_Heliofungia_fralinae",-85.518978559255,58.8693689284477,-7.56297824280221,-56.2975359998069,24.7976864397399
"FUN_Heliofungia_actiniformis",-44.3507077979306,76.4245841628873,-3.84067079122333,-23.9724854615587,4.80256255738655
"FAV_Leptastrea_transversa",-51.3672395355967,71.4949617425111,-7.40158908403763,-32.4984182172775,14.7331043158659
"FAV_Leptastrea_pruinosa",-51.6373344135934,71.3465849966761,-3.01757980549063,-28.9596971561074,17.2223681315493
"FAV_Leptastrea_purpurea",-54.1799108212127,73.4878446450021,-5.97476297649633,-27.0866470797443,18.2203646818193
"FUN_Lobactis_scutaria",-69.3145200434931,53.9290665158262,-2.88555627033608,-25.238969129804,19.3407163595323
"FUN_Halomitra_pileus",-58.5290177087648,68.4245812087272,-2.57325536097555,-29.9338401545967,18.340285820203
"FUN_Halomitra_clavator",-66.2778795311361,58.2123430920517,0.484471384856557,-29.6487581696341,20.5900421418321
"FUN_Danafungia_scruposa",-62.7439285298261,54.2628069430386,5.32367288639779,-25.7320334146562,22.5081865936084
"FUN_Fungia_fungites",-53.5206374378969,54.2935921257312,13.8232577627192,-30.9592812748755,23.8741161459996
"FUN_Podabacia_motuporensis",-29.7005932687091,46.8242757898892,28.0419914914506,-14.5727075998763,18.3675141893067
"FUN_Podabacia_crustacea",-15.4853967297622,53.9096129817052,10.4361708426002,-5.42385644390918,8.2560879254246
"FUN_Sandalolitha_dentata",-13.3526807033363,52.8801371182116,5.79308493301249,-6.04094492382395,6.26770419487263
"FUN_Sandalolitha_robusta",-17.7561949083082,53.4291710871686,8.36887125725498,-6.18600383645925,9.85053930784178
"FUN_Zoopilus_echinatus",-13.8454061676728,53.2052050625378,19.5533909664647,-4.38561731025552,11.1811685328943
"FUN_Podabacia_kunzmanni",-4.91194439174416,55.5394703904184,21.2552890270165,-2.08783311958881,9.43179907785673
"FUN_Podabacia_sinai",-5.17882357769613,57.2022855875164,18.5938897942055,-1.76583898742937,9.00461253012845
"MEA_Meandrina_braziliensis",-31.3888492381451,36.9791533085317,-10.9899051651165,22.1774521031989,12.5796457584578
"MEA_Dichocoenia",-39.3671040112131,45.3349467995424,5.51867894386593,9.8016471622281,22.4700257308408
"MEA_Eusmilia_fastigiata",-32.5751294857314,40.6660444032678,11.6810265596372,15.133856285496,24.1442279410281
"MEA_Meandrina_meandrites",-37.7343110178062,43.8611691475994,8.59541430362221,10.6724663498255,23.677125145752
"MEA_Dendrogyra_cylindrus",-39.9178580692911,40.9680486490304,8.52324525478729,9.85969859080334,19.9338101091561
"CAR_Phyllangia_americana",-37.6940729691727,42.1499989629868,10.3766223231972,9.29940732747922,19.407243378199
"CAR_Rhizosmilia_maculata",-39.0221917736783,45.0307476969898,10.2568720513529,8.37458442341051,18.4297375434135
"FAV_Solenastrea_bournoni",-25.6005335073318,50.8827869025253,-24.7511526432396,23.6543023537868,-6.19296036629405
"CAR_Polycyathus",-54.4445495922084,26.7526448738569,-28.6646166223518,37.2429128624801,0.202437110816135
"CAR_Paracyathus",-43.3094826601049,34.5290417172257,-33.5292074744744,40.2583431973742,2.23764625938548
"FAV_Cladocora_arbuscula",-56.3732130545467,39.7249464668653,-44.7345853244862,29.0752990635551,-2.82966597076661
"FAV_Cladocora_caespitosa",-52.8880275551983,39.9117239675063,-45.4146978021959,32.1554535055402,-7.82132380396694
"RHI_Astrangia",-58.671352704734,24.6281909343711,-25.6069137937588,30.0184521383827,3.64370981771097
"FAV_Solenastrea_hyades",-56.2679954210199,27.3438651393029,-35.1399696504561,31.9420330964684,-1.25166116330666
"OCU_Oculina_robusta",-53.2238504498419,29.1276326698849,-33.3991748340528,38.4793347835134,-3.03857546000465
"OCU_Oculina_varicosa",-49.1277572155715,30.0151841113431,-31.8259450374178,38.8492774405313,-4.32602777444872
"OCU_Oculina_diffusa",-43.7208287232014,28.994741492685,-45.8672518074191,43.9951945223926,-14.1618645827968
"OCU_Oculina_patagonica",-47.3138374273865,25.5734782049374,-43.3910546910216,42.6648769553239,-9.42582514612045
"MUS_Blastomussa",-52.3684251651342,23.0328736456022,-20.1590417139453,16.8490756578104,9.60582466372854
"EUP_Physogyra_lichtensteini",-31.7014151478823,7.56793776626575,-19.8699788293548,28.0412727790307,6.26507776838439
"EUP_Plerogyra",-35.6497001509539,9.34791987816399,-20.6885085903922,25.0323393050462,6.57747093353667
"CAR_Tethocyathus",-14.7875935045203,18.4905356894947,1.10804146526677,54.3581440148432,0.534261954928601
"FAV_Plesiastrea_versipora",-34.8565927494694,8.37149355290251,-30.0000192249325,44.0016060811751,1.80218177754989
"OCU_Cyathelia_axillaris",-32.5274706032905,19.3814573235946,-3.56493187828605,47.710017641436,11.5264246281051
"CAR_Trochocyathus",-23.6502560525012,23.3277204988426,-0.746045304762243,45.8510879942612,9.11727249750791
"FAV_Diploastrea_heliopora",-42.2813610080516,48.8515745850179,-64.8704859150006,24.5636410337207,-21.4764708093852
"FAV_Montastraea_cavernosa",-28.544656579007,20.0127577191497,-8.26614777445142,27.904041188617,0.990255728732691
"MUS_Mussa_angulosa",-46.3306170134606,53.4767797720555,-58.3988880004084,31.9276447647998,3.251818040775
"MUS_Scolymia_cubensis",-30.7055122247688,36.1950562207508,-35.8920681898522,14.90720839886,1.57299042574054
"MUS_Isophyllia_sinuosa",-46.2709482822269,44.8378735492864,-41.7215841487049,19.5538828694669,7.67014314418697
"MUS_Mycetophyllia_danaana",-56.2139262051818,55.9268076480311,-50.6582912236419,6.62061033405473,4.56393737086537
"MUS_Mycetophyllia_aliciae",-49.2287320196407,51.0129259393228,-42.7158198234886,6.52607603662515,8.31314568420978
"MUS_Mycetophyllia_lamarckiana",-54.1427019329341,51.8880314395138,-42.3787851912583,5.4982809145874,12.8210303453927
"MUS_Mussismilia_harttii",-37.1209139864486,40.2680258385903,-47.8004547015217,28.4591718865949,3.05225289046758
"MUS_Mussismilia_braziliensis",-37.7825909746111,44.5295948374481,-51.8204623981754,31.373952795187,0.138353644694908
"MUS_Mussismilia_hispida",-30.5274796744858,46.1693850642437,-59.8863742429106,35.4857681388923,-7.12990769457834
"FAV_Favia_leptophylla",-29.0702468186987,47.2333796686699,-59.0199039989657,28.5577887808336,-5.24324284710659
"FAV_Favia_fragum",-36.4315400007509,52.5073275575207,-52.7798508337322,24.6237649950223,-1.94471668919858
"FAV_Diploria_labyrinthiformis",-41.9599223141019,44.0656566600617,-49.5442968141386,23.546139283733,-0.0107627869796172
"FAV_Diploria_clivosa",-37.5025973278026,45.0197799275182,-55.7778613846916,25.4727323423226,-5.09564718005277
"FAV_Diploria_strigosa",-39.9049891469767,45.0848927498891,-52.8894085375877,26.4530720379135,-2.43955993113211
"FAV_Manicina_areolata",-38.4740860521002,47.7499554961675,-55.8361671749348,25.6041912729907,-4.86835940484908
"FAV_Colpophyllia_natans",-41.68030636382,46.8469684444738,-56.7493967653403,24.6130876350951,-2.84320270011055
"MUS_Acanthastrea_hillae",-17.044488750811,42.4431673590633,-29.548458783909,27.9048284932237,-1.33497889221711
"FAV_Montastraea_multipunctata",-12.4454446659755,49.8992795351027,-9.99165464939231,23.3508830661544,6.9852240751184
"MUS_Micromussa",-12.7828318508257,44.3730225841696,-5.29742223440397,27.9468163003152,5.44647901617478
"FAV_Moseleya_latistellata",-31.2253060814224,52.1069709395591,-40.1893749749323,25.1858414218476,-2.54396029915916
"MUS_Acanthastrea_echinata",-49.2603907172643,37.6040429730101,-58.5560258386662,20.0504296744047,13.3025854886939
"MUS_Acanthastrea_rotundoflora",-41.5533102596986,34.1346300650851,-50.5975559465689,24.7478813086714,12.390699576434
"PEC_Oxypora",-20.3249549580308,51.0514856326308,-51.9587872686908,26.5545723172785,-9.5771868439065
"PEC_Echinophyllia_echinoporoides",-30.5688962393058,57.6160243521711,-71.1963720998748,24.7183839236474,-17.8153638622966
"PEC_Echinophyllia_orpheensis",-34.3552439504645,59.089861148967,-74.9771666894633,29.5102876930929,-16.9800853497596
"PEC_Echinophyllia_aspera",-33.0775599033544,57.7211906077238,-70.92106232683,28.5912654233942,-15.6402572138641
"MUS_Cynarina_lacrymalis",-41.6396015532064,72.1446300301548,-56.0968666072566,25.7673836932489,-5.733499770429
"MUS_Scolymia_vitiensis",-52.866152070268,65.8526925222915,-33.3210554835842,13.0753994049293,5.070370182171
"MUS_Lobophyllia_corymbosa",-15.3468066473442,61.5992872832069,-35.0919830939978,24.3732054917758,-5.19672491766747
"MUS_Symphyllia_valenciennesii",-24.5662132510891,70.6083219500461,-50.4317614296408,25.9833195564578,-9.06262139011795
"MUS_Symphyllia_radians",-24.8546367065633,72.4830556738636,-48.2364578707248,27.6202301349474,-6.2943647537639
"MUS_Symphyllia_agaricia",-23.9842338136838,67.3282765381289,-46.1663360643058,28.0498510344542,-5.31170461851555
"MUS_Symphyllia_recta",-23.8131412426453,69.3600603830378,-45.4181988795925,27.7930358558385,-4.7430914974529
"MUS_Lobophyllia_pachysepta",-21.7366806471024,64.26733046383,-43.9598503151761,29.1115888228088,-5.64744262325954
"MUS_Lobophyllia_hemprichii",-24.5970549253778,65.1394105616051,-40.6791935810635,27.0719582351463,-1.68841925474246
"MER_Orbicella_franksi",-18.2164096097645,11.6878557292818,-31.6268179820884,49.0273539707939,-4.86271270995111
"MER_Orbicella_annularis",-26.7308125428421,14.0854974564464,-37.0020019540959,46.9881626729362,-4.02768982159433
"MER_Orbicella_faveolata",-26.5198774377437,15.0014121624487,-38.9308931627138,47.5723077845701,-5.09577542730963
"FAV_Cyphastrea_ocellina",-4.67051594290414,24.1971637317418,-51.3044146263123,53.1898865651255,-19.9404177239564
"FAV_Cyphastrea_chalcidicum",-15.9984480095881,25.4047167392295,-55.4262551333615,47.5570401372921,-12.9048413976248
"FAV_Cyphastrea_serailia",-19.0818985467669,27.507425293999,-50.0747941930205,41.366878061123,-14.1770006978244
"FAV_Cyphastrea_microphthalma",-13.062817250171,30.5711097354126,-50.9314938779534,41.2942844175376,-17.4089018934535
"FAV_Montastraea_salebrosa",3.50514644716803,28.0119131725494,-39.8820631682691,68.1867188034054,-26.4127717282573
"FAV_Echinopora_mammiformis",-2.05365779205653,10.8996235515273,-1.83304399187046,71.2293995217458,-7.2252690305206
"FAV_Echinopora_gemmacea",10.9442668779725,24.4373259250726,-7.75923572325665,69.0638423641712,-7.89896162208969
"FAV_Echinopora_pacificus",7.70149076378171,26.8350037881013,-7.31555771537659,69.5165939839944,-6.25850215880453
"FAV_Echinopora_lamellosa",9.99343086909697,24.8461191789991,-10.8724126434514,70.9616492738571,-11.7262855434729
"FAV_Echinopora_horrida",12.3772825431566,22.1303591336759,-7.06142486944815,73.418938146064,-11.7998819736572
"EUP_Catalaphyllia_jardinei",-24.3305002849041,17.6367638620286,-13.3885089547728,59.9981331934992,5.91365446881309
"FAV_Plesiastrea_devantieri",21.7444152975104,20.7251061707121,0.513715469557034,58.1850872017236,-5.49553405234403
"MER_Hydnophora_rigida",-10.1348851012931,28.7365783118553,8.49396986674887,46.2521441241905,9.96560359160743
"MER_Hydnophora_exesa",12.3175702404745,33.0449196161197,2.79939915794874,55.4927628794305,-2.38673910348536
"MER_Hydnophora_grandis",15.7399348794564,35.0698208899555,-0.419222307893535,58.7416699832438,-6.97502263458197
"MER_Hydnophora_microconos",4.0661710385349,33.7724130245583,-8.98924536136277,61.2980869585617,-4.03041830146845
"MER_Hydnophora_pilosa",5.0991975407515,33.0595466258144,-9.31048343461466,56.8912363741222,-2.88791417941917
"FAV_Leptoria_phrygia",-10.7310991903921,25.6793842195879,3.51784981114782,56.5872195621413,11.7978059675673
"FAV_Platygyra_sinensis",-16.9672979373805,35.1821462499382,-3.00487263303769,42.8852206991891,3.06185252539128
"FAV_Platygyra_daedalea",-22.661914071846,24.5045151016966,-6.55009675930863,47.2727079906237,7.81340620004528
"FAV_Platygyra_verweyi",-29.5125694502955,28.0127990502264,-5.39999253166158,45.0047728475102,9.9365860396501
"FAV_Platygyra_pini",-35.9933140022851,26.0395469502414,-9.61972512378523,44.3267408517081,10.5601321654736
"FAV_Favites_stylifera",-36.9283718695549,27.1231836854625,-8.7268030993432,39.2622090907063,15.0823596062651
"FAV_Platygyra_contorta",-41.4347417083866,21.5743741666516,-5.66686353356315,39.6698321998461,14.4974758830888
"FAV_Platygyra_lamellina",-37.5791106000328,24.0615564916193,-7.16381532445974,42.0683395766202,12.8925077611268
"FAV_Platygyra_acuta",-40.8276944817159,22.5858255341443,-5.43982553669662,41.0864407228526,14.1295283985557
"FAV_Platygyra_ryukyuensis",-38.4023947759573,24.1685926925968,-5.2403771665128,42.7312419483473,13.5680324495587
"FAV_Favites_russelli",-6.19135065116035,47.9322241217582,-19.6284698081952,52.5773356273305,-2.02083817440004
"FAV_Goniastrea_australensis",-13.3151961943681,44.1253112821519,-29.630341541894,57.9572191217489,-4.26912033381397
"FAV_Goniastrea_deformis",-6.09994965579969,45.1524422933831,-19.6123586092046,56.5415858210212,-3.39603791640992
"FAV_Goniastrea_aspera",1.55655358351643,34.0513535159126,-20.3730811093881,64.9004223725428,-8.11771640143225
"FAV_Favites_paraflexuosa",-5.48889663064844,31.1918152240418,-6.31802132318773,58.5125561869016,3.52364893860223
"FAV_Montastraea_magnistellata",6.09934922160992,47.9935805684181,-8.64268593504587,60.6594451170537,-5.71945246098394
"FAV_Favites_chinensis",-7.87578693462281,38.4534936012836,-13.1291472616962,55.7880979090838,-2.82227123996417
"FAV_Montastraea_valenciennesi",5.07803241717936,47.0257958904381,-19.4806049884472,57.5165734874815,-9.11066426125285
"FAV_Favites_abdita",-2.01522732404435,46.3057025436771,-11.9950928508605,53.0578711706363,-4.2471875288644
"FAV_Favites_complanata",4.43786165089358,46.1561491316425,-11.2706982957103,57.527263160125,-6.42484064170019
"FAV_Favia_rotundata",4.85676795268142,46.8541694953075,-11.2470926390317,57.2590444324002,-5.90368611130704
"FAV_Montastraea_colemani",4.87603260221128,44.2973266757303,-10.0351695488256,53.708113674667,-4.90059361377211
"FAV_Favites_flexuosa",3.44988707775558,44.6067863681635,-12.5374071278543,55.3389731841032,-6.86650155786961
"FAV_Favites_halicora",3.07282506630423,45.1897466604498,-11.8064412651748,55.0542080588591,-6.55965989951385
"FAV_Oulophyllia_bennettae",-4.01994065256124,9.10415311056884,1.61862430909358,73.2219083464191,4.98806789190499
"FAV_Oulophyllia_crispa",-2.81634562164211,9.22342649998902,3.13451728340389,72.8169157905163,4.03091284471371
"FAV_Caulastraea_echinulata",2.79539047284,13.8761418384202,15.3281598907321,69.0149223649543,9.05892102953498
"FAV_Caulastraea_tumida",-8.09932153700178,20.6139022511323,6.31815433267781,62.5976057407255,6.80848124677248
"FAV_Caulastraea_furcata",-10.5270321520743,20.499158576867,-2.44859220464276,59.3009080845067,2.51804270003588
"PEC_Pectinia_ayleni",11.6067838166749,10.9366019916433,-4.53481572275739,73.2408012990682,4.29118847583065
"PEC_Pectinia_lactuca",12.0824189983027,9.22354973789515,-4.12997971040961,73.3722427025664,3.07737077037696
"PEC_Pectinia_alcicornis",6.3169419251423,9.06528171294278,-5.35464586434182,71.4218038859585,2.0321677591862
"PEC_Pectinia_paeonia",10.8610762063916,7.95821486148534,-5.276598761019,71.876529910863,0.673075629975266
"PEC_Mycedium_robokaki",17.1164806884792,6.79281858753217,-5.08288443144952,75.0169464827151,-1.97428367201594
"PEC_Mycedium_elephantotus",19.8856151885628,9.92538938291112,-8.36076376675476,76.8376554820875,-4.45225820622014
"FAV_Favites_pentagona",-13.0436355507339,18.7118709584084,-6.83261283907329,48.4257974642078,-2.1215400998306
"FAV_Montastraea_curta",-3.77059306531447,26.5764577427312,-10.0452714804745,48.0400827924756,-7.64294164793795
"FAV_Favia_stelligera",3.08863563552947,30.5811030828274,-26.4485264148673,81.1364863706826,-13.9819698688729
"FAV_Goniastrea_retiformis",1.98031062693918,34.5346247258295,-22.4421177537832,72.8124019073032,-13.9694420840035
"FAV_Leptoria_irregularis",1.79228026257002,36.1059653994285,-25.6535126236065,56.6804263437083,-11.7622065689372
"MER_Scapophyllia_cylindrica",1.56616109221561,37.5762108801821,-26.2774321656661,55.9109067657563,-14.242965525769
"FAV_Goniastrea_edwardsi",-14.736491030161,28.7728289538134,-18.0148074109237,54.7713367679671,-1.49040493898234
"FAV_Goniastrea_favulus",-14.5624820590924,24.6435674513362,-12.8931346617332,57.2350099610494,1.50500058205068
"FAV_Goniastrea_pectinata",-14.7381547507315,25.1411814929194,-17.9844689749867,58.189411500841,-1.2739118357079
"MER_Merulina_scabricula",-20.4830661250249,30.2919432069528,-19.7854015051087,49.3994272068098,0.299797942352598
"MER_Merulina_ampliata",-20.8917774169825,31.2596611074165,-24.5300261682682,47.1769509442539,-2.67026852684494
"FAV_Favia_maritima",-12.0024669568974,9.36144605261024,-25.1833356074561,66.8957204563809,-4.83183680290514
"FAV_Favia_truncatus",-8.95207667864982,23.4058774237246,-39.4413624983308,69.8346466749605,-6.74507620891123
"FAV_Favia_rosaria",-0.905251323501483,21.1234258596757,-7.60257972994674,63.3556793769694,-1.81885374029551
"FAV_Favia_maxima",1.97772090996292,10.794711318547,-14.5981946034762,65.813285169321,-9.01503213247926
"FAV_Barabattoia",0.210939637009527,8.13192650545907,-10.0568806769024,63.4988129111404,-1.20841389529681
"FAV_Favia_favus",-4.56115886050535,8.1154565281016,-6.66159506749132,61.3685841053012,2.62940329119864
"FAV_Montastraea_annuligera",1.66552466900521,14.9581207181805,-14.7090836019988,63.3166601214168,-1.99053078414599
"FAV_Favia_laxa",4.65414731900639,16.067241449102,-23.1790268319487,64.4374169132994,-6.45717538447138
"FAV_Favia_danae",-3.15516782789759,21.2007407820781,-30.138616937876,70.9805476006238,-10.9391544226733
"FAV_Favia_pallida",-7.3676092291773,19.5446300142117,-30.3174460995841,70.444816620095,-8.85584889278458
"FAV_Favia_matthaii",-7.11682397832863,21.4399729357218,-32.7823711381975,70.9875117187646,-14.0846789523471
"FAV_Favia_lizardensis",-9.7941634498817,17.9366866437809,-39.3855289676099,68.6575215476482,-16.3622536078066
"FAV_Favia_speciosa",-11.4254892856718,16.8919616548057,-37.820466712085,70.1807191154064,-15.5038951908782
"FAV_Goniastrea_palauensis",2.49516476609017,10.9451546490729,-16.2061542867205,74.1356031015217,0.926272715242233
"TRC_Trachyphyllia_geoffroyi",10.6058414607553,12.9710892704148,-4.59229477536773,73.8389000727402,-2.18342396483241
"FAV_Favia_rotumana",22.3822133447233,20.5273466674865,-31.9451870492997,80.92489496971,-20.2300077819002
"GUY_Guynia_annulata",-60.6909454005477,51.1469131255608,-23.2865665771471,-15.17620464942,16.9644127573617
"FUA_Fungiacyathus_pusillus",11.8622520698943,28.7473181363496,13.3717086611735,38.3082751860822,-36.7992765937664
"FUA_Fungiacyathus_marenzelleri",24.6104613463579,20.3709195694401,8.1033454300988,26.7909729048866,-38.991713965392
"FUA_Fungiacyathus_turbinolioides",29.8017989386918,20.7701845913763,-16.5856286081617,32.0333791199389,-53.6421252760023
"FUA_Fungiacyathus_fragilis",33.3911338117685,31.9664052249444,-7.13825464810624,43.1505738548495,-49.992573081102
"FUA_Fungiacyathus_stephanus",33.2621662681278,29.3500369045036,-5.12548556954212,45.7715253934869,-48.7910941532409
"CAR_Deltocyathus_magnificus",-64.0101420224967,8.44602174104911,34.4740402414386,-27.9234486970682,14.8625096607493
"TUR_Tropidocyathus_lessoni",-69.0655790125406,22.9288093468315,29.9446880100109,-29.4527266475535,21.7335678575699
"TUR_Cyathotrochus",-71.3695610230979,26.0418637585829,21.9025636060059,-35.5708572677106,20.9726869499048
"CAR_Trochocyathus_rhombocolumna",-38.7400898996406,12.2103699908535,27.9106453910129,16.8056555421676,4.30459663244671
"TUR_Tropidocyathus_labidus",-36.2574732031405,30.0053729809858,36.6514200511249,10.0971749484421,4.81012683420784
"TUR_Notocyathus",-43.6183546723192,33.9651847241044,30.162027534835,2.29151113945402,8.86311028169099
"FLA_Javania_insignis",-76.0431056866545,4.83212083299635,4.12298206274667,1.91474058912464,15.1586968136267
"FLA_Placotrochides",-64.5430750608508,-9.98529313657561,-0.81177083602855,19.9309228934589,14.4863301119455
"FLA_Javania_fusca",-78.6980203025699,-31.0017871717199,53.1851555789217,-1.63825002903076,45.3742065568003
"FLA_Placotrochus_laevis",-104.395416966021,-24.8640333854671,-20.2836382500596,5.01163317077717,19.5651812444328
"FLA_Rhizotrochus",-80.5010284437455,-12.7926937248204,5.55906390649626,12.8265941007135,17.6841359835307
"FLA_Truncatoflabellum_spheniscus",-78.8299350474577,-12.3659934101574,-4.00919696686566,17.2983441247628,9.53526994501928
"FLA_Truncatoflabellum_australiensis",-88.0417785016532,-9.51347916974585,4.02900829736816,9.03529865326461,20.8403727701092
"FLA_Truncatoflabellum_candeanum",-90.6455297852109,-7.84757884345135,5.26958397593301,7.21494108748393,24.3890448626777
"FLA_Flabellum_apertum",-66.0109403190023,-36.224061225393,3.66836433642312,0.615976432743827,25.2532190993685
"FLA_Flabellum_angulare",-61.3613694644199,-21.4294459155172,9.00103153026842,-12.2215701050869,23.0884027856617
"FLA_Flabellum_lowekeyesi",-70.4975802412728,-21.4013220369177,15.7309455985108,-14.1811465365912,29.9452256426948
"FLA_Javania_lamprotichum",-58.7975853553582,-36.270245932734,22.5536669038554,-1.58175506395382,30.6037817103791
"FLA_Flabellum_impensum",-64.9694523633278,-37.078738088598,35.7218146971341,7.16146237883416,31.8824834613506
"FLA_Flabellum_deludens",-67.1345207002205,-28.2248400407846,30.3541983901986,-9.31289800143174,33.1368493324237
"FLA_Flabellum_japonicum",-52.9115043617413,-29.5653384356028,17.361923362796,3.43954146998793,18.994705249966
"FLA_Flabellum_tuthilli",-51.3776934069718,-32.5963107317186,28.8625266987699,3.36089554586755,23.3206683676134
"FLA_Truncatoflabellum_macroeschara",-73.1451663268998,12.9472319647305,0.348365476090654,-20.5176097880909,-0.929369432898021
"FLA_Javania_exserta",-84.7846252162912,-7.08412340086975,34.9291045464303,-15.7501092976303,27.2922251369049
"FLA_Flabellum_magnificum",-69.2911879670504,-1.53029570325861,48.3803500600058,-25.9000693422489,37.9642497054215
"FLA_Flabellum_arcuatile",-85.4024027031857,2.55021635862933,45.4148082742648,-32.6020526673996,41.5895361055175
"FLA_Flabellum_pavoninum",-80.6171596646475,6.1734780789856,44.4132815181933,-29.9822893252871,39.4298866228731
"FLA_Truncatoflabellum_formosum",-87.1389383963963,0.0747913713475121,42.8715541051817,-27.7556389809912,42.719296559745
"FLA_Monomyces",-84.058069244589,-18.0644376832659,31.5292838039375,-14.8662015968505,33.2099421266676
"FLA_Flabellum_folkesoni",-89.6741708304786,-13.5495948808384,50.6756386397701,-23.8831327638803,45.6562490084569
"FLA_Flabellum_lamellulosum",-92.7024194532545,1.12006303110134,32.2778446203672,-14.3064286512884,38.8095812113422
"FLA_Flabellum_vaughani",-89.0150613120281,-0.613576831359908,33.2044726643283,-15.901440192672,40.4664918001808
"DEN_Heteropsammia",-70.1037616019203,49.0902327082655,-2.27183138651638,-3.53799372352272,26.3201575716975
"DEN_Balanophyllia_desmophyllioides",-60.7362484798714,29.4600074818334,-57.5547399309006,9.62208591244483,0.474371712511198
"DEN_Endopachys",-57.7535835835693,33.1068241202104,-64.5054168078099,18.3011700832628,1.42691291973278
"DEN_Balanophyllia_gigas",-64.9990246926271,6.7978267860307,-14.9258422380333,6.40937389082085,21.7684280752632
"DEN_Balanophyllia_dentata",-81.9026144530656,38.836067978104,-55.686610545871,-2.95397379046208,16.0844315198419
"DEN_Balanophyllia_regia",-99.4091371344265,29.9847870164656,-54.7010616754331,-14.704539719309,20.1337372657404
"DEN_Balanophyllia_cornu",-88.1706337594001,19.2725344397823,-31.503415455943,-19.2799533971599,27.3258478496615
"DEN_Balanophyllia_elegans",-67.5153158871707,36.1048701622567,-48.7046692828835,9.39772465569464,14.1936222233868
"DEN_Leptopsammia",-73.5165230186378,21.0843587937091,-29.3010157780889,1.43300819630027,16.0462151681811
"DEN_Dendrophyllia",-65.4150172174551,26.6620360468341,-22.3836016703346,3.36137309800603,16.2085335247685
"DEN_Enallopsammia",-70.5676253986849,33.3352205108035,-35.1137936451827,3.87370534735106,7.46347210042943
"DEN_Turbinaria",-75.4872073552688,29.3061688474072,-40.781747581993,-7.08731601219318,4.33735827778557
"DEN_Cladopsammia",-77.2326495595534,23.6345321976247,-28.8448222772723,-0.902230159158041,10.3673615808442
"DEN_Tubastraea",-81.1741321478357,23.1673529559361,-30.39858838695,-6.15217664849316,8.39612620012919
"POR_Goniopora_columna",-55.9242215689724,6.07330215687363,36.8776337458268,-19.8618805683526,17.9342596160474
"POR_Goniopora_stokesi",-63.1209315185904,6.30275667187259,29.4977221672772,-21.4763133650594,18.0010864702077
"POR_Porites_colonensis",-23.7213948965906,-0.338018886824648,33.8189051359607,11.0751711467142,13.0330818059802
"POR_Porites_panamensis",-16.0055187728812,2.13363941750774,35.4151925505209,14.5474300303425,11.2787857145785
"POR_Porites_porites",-21.2165062226529,4.46578876115929,30.1711582330782,16.907993588266,12.5422466508328
"POR_Porites_branneri",-26.1630749033133,13.7432463661031,28.6502415353457,7.71357218738735,16.0637350539082
"POR_Porites_divaricata",-30.9128422959034,11.9028342294711,37.1757666996923,7.4143508441476,19.7737333690274
"POR_Porites_furcata",-26.3437784695554,11.8460864980194,33.6012778837553,11.7297508392174,16.5566643154832
"POR_Porites_astreoides",-7.86747735221274,38.2180204362906,22.3854178843282,13.3826687769067,-4.66249419875329
"POR_Porites_annae",-6.92405388608884,38.1645969104516,38.6573545751505,19.5620227740759,6.26832756187885
"POR_Porites_evermanni",-10.5222598986917,38.8615135106351,37.5315372742799,17.8602172720571,7.52568799486227
"POR_Porites_compressa",4.0241665577217,35.0144295934553,43.2307310126385,29.7567906113477,7.05467170274727
"POR_Porites_duerdeni",-2.42012430827682,34.6042318172448,45.576999515415,26.6593392100809,11.3655766371223
"POR_Porites_lobata",3.56458947449426,32.3796523124917,37.8622632289131,32.9847495065643,2.31719998881827
"POR_Porites_rus",-13.8166778701297,22.0057699792509,35.5570870687361,22.5552705094325,4.99772152006995
"POR_Porites_lichen",-18.1003176812356,28.2154940532963,36.723051573761,20.2383897755706,11.7305934144318
"POR_Porites_randalli",-13.3361118562558,33.1896145927904,33.0403965508833,23.5170948939055,6.72229380436978
"POR_Porites_cylindrica",-0.30156979039477,33.946480779982,38.2801913356715,26.8088941199182,5.75669450370528
"POR_Porites_solida",0.521330950549418,35.2808171299179,35.4128380610729,28.4442736021466,5.27935180730706
"POR_Porites_lutea",-8.89508701500542,33.6701305314828,32.8734007898839,19.1861288241807,3.57011677939261
"POR_Porites_okinawensis",-9.38111363359209,36.1423888766435,34.0732363479911,17.9230874383331,5.46698753535365
"AST_Stephanocoenia_intersepta",1.29272440704232,48.6579418705818,-12.8846495742097,70.128151647308,-9.31340924414974
"CAR_Hoplangia_durotrix",36.9169069007075,61.7294476682627,-10.4534793500486,82.8745203774178,-36.2876288025879
"SID_Pseudosiderastrea_formosa",23.2019313208012,17.3860166388348,-13.4922733385567,43.399773050229,-0.636807550321569
"SID_Pseudosiderastrea_tayami",16.6574263525827,24.230654486907,-38.0203903175162,49.4617197870596,-6.95047974012941
"SID_Siderastrea_savignyana",-21.3301234489522,21.8424300161304,-24.848062364484,29.8447625662024,-2.80752336215079
"SID_Siderastrea_siderea",-29.8360332078575,2.11427880626965,3.31631729612138,53.570900434017,26.0370629555937
"SID_Siderastrea_radians",-30.7491825842954,9.81012610952173,2.93087302004376,52.8777405360066,23.4351479161718
"SID_Siderastrea_glynni",-25.8536268763411,-6.90570210829248,7.3368842707916,58.6239188133138,23.6886627427775
"SID_Siderastrea_stellata",-24.043315108402,-2.22127868179138,9.78471743545798,60.4374579884181,24.3336015880021
"AGA_Helioseris_cucullata",62.5986354684823,67.4296540084211,-66.1020686370911,70.4550527457689,-68.6559866656892
"CAR_Thalamophyllia_gasti",60.9268064285982,48.8299876303254,-73.7139381840149,70.5040759995223,-75.0178489870111
"CAR_Thalamophyllia_riisei",73.6504374812925,56.8928898460005,-69.4005619514783,77.9827770343244,-79.3800479236021
"CAR_Dactylotrochus_cervicornis",40.8663198012549,47.7931969509016,-46.8724842452132,61.8129785381253,-43.4428126277018
"AGA_Agaricia_humilis",45.9938416818304,64.1774313595953,-73.0791032787497,57.296635459478,-72.8295916947287
"AGA_Agaricia_agaricites",47.807165649373,54.6611804840989,-75.0153067279372,65.2270730949372,-73.0492239016744
"AGA_Agaricia_tenuifolia",41.0549855873461,58.4297228869302,-78.0749511433885,59.7848853904816,-75.1075269803108
"AGA_Agaricia_fragilis",56.5167678238138,55.5119908169672,-68.8533664149937,69.0839006362308,-76.1706363922274
"AGA_Agaricia_lamarcki",36.624852134111,61.7636773451896,-80.3460506543781,55.9353758016652,-74.1316052979237
"AGA_Agaricia_grahamae",44.1074186034099,57.6228764750778,-73.4978419319941,63.2956846671121,-73.265554665325
"AGA_Agaricia_undata",38.4395678171652,58.3151133360496,-73.252079184608,60.2689461995653,-71.7078409010935
"AGA_Leptoseris",43.3714421583648,49.5475893861581,-26.8574512005082,60.1911441887965,-47.7529096367871
"AGA_Gardineroseris_planulata",36.272912880825,39.4707548588423,-46.8175803791538,64.0607311653317,-54.4843980041945
"AGA_Pavona_varians",61.2769934948711,61.164008606882,-44.4142708429351,68.8350059266672,-65.5021743766943
"AGA_Pavona_clavus",52.4268407270725,39.0152705758658,-29.6342470803064,57.8123409314905,-56.1988327392461
"AGA_Pavona_cactus",55.8342379796942,50.627855477077,-37.5469323208777,60.9106111561709,-60.1620771421701
"AGA_Pavona_frondifera",52.5494720020972,48.1001552262824,-36.1721645979152,64.8455165951022,-60.1850739527908
"AGA_Pachyseris",-3.74463580589053,36.5744993959307,-72.3926365147386,32.9433702260427,-45.5383390061014
"EUP_Euphyllia_ancora",19.0594374826022,79.1905577644544,-37.0869115551605,43.1824743913615,-30.4845990528223
"EUP_Euphyllia_divisa",21.3778295194909,80.3770156941602,-39.8403148144337,45.7986722152818,-35.4527322590104
"MEA_Ctenella_chagius",65.4791834540138,70.8019699953961,-34.2234742214274,69.4947399278317,-45.1995992778609
"EUP_Euphyllia_glabrescens",52.8650439297145,77.6122848136074,-39.7927863520938,57.2904635600256,-42.2061864210239
"OCU_Galaxea_fascicularis",38.4115582656573,74.2278856497922,-20.824414906201,46.8845165516664,-28.9482800532786
"OCU_Galaxea_horrescens",40.1525765634759,85.6627058549029,-25.1133063203538,44.5492545904687,-33.0495336259273
"OCU_Galaxea_astreata",37.3888276959756,83.4890422171962,-24.2662734167057,40.5849967541103,-32.5706125705675
"POR_Alveopora",83.6840428186697,70.5336547416862,-27.9519286854028,57.4089469175806,-40.6223302794459
"ACR_Astreopora",-2.21972015792638,-11.2291907882538,-51.7904444304581,9.6358297132191,-40.9222846062475
"ACR_Montipora_digitata",37.2549699086646,15.2409126616236,-59.2547002429612,35.310657555161,-44.1122673825135
"ACR_Montipora_mollis",31.6664140389292,8.9934359020255,-60.1102363669777,36.2544678776781,-41.9254334038158
"ACR_Montipora_spongodes",27.7754559144242,6.19225084328572,-59.0476872547061,31.6646477212013,-39.98318306783
"ACR_Montipora_hoffmeisteri",26.3404819855683,6.50232217436993,-59.2553120347934,31.8448969904764,-39.8370326619551
"ACR_Montipora_circumvallata",44.3820332279686,19.1180315187604,-23.4473000936302,5.50667040366093,-42.5602305216835
"ACR_Montipora_incrassata",48.4821389032652,31.3027734126013,-34.3864955502981,16.5030718767133,-54.4551266206972
"ACR_Montipora_florida",8.40191382285952,23.6815941038295,-37.01859498057,-0.259642377506212,-34.8849674612948
"ACR_Anacropora_forbesi",7.89320234570567,30.0221312763737,-56.9550408389425,6.00893002910307,-43.8638505125584
"ACR_Montipora_cactus",17.1501026827714,30.8245359618757,-56.9296977526056,8.95438400791116,-47.0714405630914
"ACR_Montipora_aequituberculata",12.6467290838098,19.1281839455109,-52.288390855921,10.4307195189828,-39.4567015436716
"ACR_Montipora_stellata",15.1486206686784,19.0157827701129,-49.3880058582398,14.1026203783408,-39.9032243353954
"ACR_Montipora_altasepta",5.00876653342281,18.6674672964946,-51.195666745979,-2.91755764173485,-38.3934871224794
"ACR_Montipora_efflorescens",9.29742691984694,23.2268138466057,-46.0449672489015,3.01165845797989,-36.6223434155093
"ACR_Montipora_delicatula",22.9572259991739,23.3092527032931,-35.4329665730346,8.3197985003548,-39.6537263805218
"ACR_Montipora_peltiformis",11.1944741777965,20.8350913544817,-41.9076080280026,-4.83405986732736,-38.2271115275472
"ACR_Montipora_foliosa",12.440802868976,23.4438336803904,-38.7933296362216,1.80745678047514,-37.0480705702106
"ACR_Montipora_hispida",14.7123531100783,22.6365064859879,-44.9326638345356,3.24237327578053,-42.0231858098474
"ACR_Montipora_patula",4.94084789696837,15.1052883059919,-43.1130518319551,-1.93957816801573,-37.7459048698706
"ACR_Montipora_verrilli",4.65006201826535,13.335869335015,-41.9820123042134,-2.55037085451784,-36.4186280058751
"ACR_Montipora_capricornis",37.3609157036583,34.7838816424275,-44.694449503484,9.92620095622553,-46.6252682359601
"ACR_Montipora_confusa",16.2211050899998,25.0224953956046,-39.4197577870369,5.32020552119074,-37.9675757031159
"ACR_Montipora_gaimardi",27.2279024098494,25.2867742200672,-38.7614139078467,14.0975740248276,-40.9434197391275
"ACR_Montipora_undata",29.141067962649,22.9098321375463,-37.8445833069223,14.9508266411217,-42.0261201418589
"ACR_Montipora_angulata",32.1599365762698,26.5547366383995,-36.1516322175991,15.0199128496808,-42.4563180172475
"ACR_Montipora_danae",29.7810585964491,29.142572779851,-39.3019637516278,9.88518350420611,-40.0604514577345
"ACR_Montipora_capitata",29.3653759405757,33.3083999999592,-35.8281404794428,8.0867066006296,-41.2708931463285
"ACR_Montipora_verrucosa",25.8192895776426,30.6143758294589,-35.6174740260312,5.21134195150264,-40.2234916687608
"ACR_Montipora_dilatata",24.5004662483142,30.0271434970748,-40.1098444614901,2.04909697682655,-42.3212063500212
"ACR_Montipora_turtlensis",24.3408247645783,28.4819886546048,-40.9162208537772,1.69179303184318,-41.174880543332
"ACR_Montipora_flabellata",23.5901237325297,33.679465261612,-45.5942199495091,1.09832646456888,-43.8955387543076
"ACR_Montipora_turgescens",21.8493565405925,34.3669064049767,-46.1655208618512,-0.716949450227947,-43.8219048568498
"ACR_Anacropora_matthai",23.5816186742131,24.559334283111,-39.6017981036408,1.13608096396502,-40.5896063898893
"ACR_Isopora_togianensis",32.7218130013375,21.6711263997155,-6.81568754004614,43.5153462541058,-34.6472860215149
"ACR_Isopora_brueggemanni",22.8926240282034,16.9215388033056,-1.22261244946734,27.8425777163935,-25.8418847023242
"ACR_Isopora_palifera",34.8581931495611,36.1090928265138,-14.3816509104997,40.9592733645079,-38.65126221444
"ACR_Isopora_cuneata",42.7431371061954,22.2260361551656,4.22913086141364,47.9402403142679,-36.3458927558075
"ACR_Acropora_austera",55.9228608009706,10.74415147617,21.3501741608644,14.6608727864949,-24.7755239805613
"ACR_Acropora_tenuis",31.3822712915414,26.9357266389559,-10.0703874818331,14.9395438477426,-25.1624976356026
"ACR_Acropora_intermedia",32.5988379005711,33.6720891680357,10.5470422661745,10.0025944582796,-16.8720480673101
"ACR_Acropora_donei",25.2815441881433,39.9177994566059,-13.1457221193172,12.5334176038214,-28.2046444173539
"ACR_Acropora_echinata",58.8336782427517,25.6425061062655,-2.66784367741506,25.5113039552761,-36.7023557661609
"ACR_Acropora_subglabra",55.7712282431229,18.7833104968573,1.79031622755232,32.6567521941922,-32.2668348033226
"ACR_Acropora_abrolhosensis",33.574400585254,19.6051110763713,-13.9116018767799,22.1807804209857,-22.3524452848895
"ACR_Acropora_elseyi",27.4799206020249,17.0956410628934,-19.6572691203307,21.9396843188275,-22.8069971110127
"ACR_Acropora_cervicornis",45.9042007707295,22.0917634681804,-5.33054991580964,27.8320090462415,-25.8513453126609
"ACR_Acropora_palmata",36.0084669698046,26.3285625115612,-18.3846165853394,16.3563566843218,-29.423722466147
"ACR_Acropora_latistella",31.2829505792153,17.4699516534626,4.99799470909229,40.9154289422763,-25.2662654221243
"ACR_Acropora_nana",29.1750068129805,20.8546360283922,9.2503563241951,34.5384135347595,-26.5085737017202
"ACR_Acropora_abrotanoides",21.5128299013772,22.8163091767444,0.287507216899584,30.2882770357938,-19.3813500537899
"ACR_Acropora_robusta",41.4743943813212,9.43379447521464,4.84349084416833,38.8173308942491,-29.8898288558365
"ACR_Acropora_kirstyae",24.1995363267002,23.815845447977,-20.9175724287457,39.9653906472945,-31.8589558138444
"ACR_Acropora_derawanensis",25.5741817519457,19.201252936524,-21.760866665052,32.7263812411632,-33.6670393125029
"ACR_Acropora_florida",15.2076843911048,12.7645417273965,-28.0849505627959,32.4610108033327,-34.9147496737299
"ACR_Acropora_sarmentosa",6.16229182517437,15.9552022940932,-20.4674372086637,33.1602663269925,-26.8437956295827
"ACR_Acropora_samoensis",23.4864968951195,15.1463327339457,-10.6448495531011,40.3034553730339,-34.2417122653456
"ACR_Acropora_globiceps",2.19573169059837,23.2769061353525,-9.96421229236465,22.3827951571891,-25.1082748148462
"ACR_Acropora_humilis",11.5382492878324,23.5232293517473,0.456608303398777,22.3678252952958,-23.9682485314083
"ACR_Acropora_gemmifera",26.44306286269,19.6884458690532,-8.47721086479571,37.3889379824518,-32.7909531714115
"ACR_Acropora_retusa",17.4545829138573,12.124859014356,-8.14594289737385,38.5370125954001,-17.6218254894629
"ACR_Acropora_multiacuta",29.0698498151699,3.18714480851561,7.30506196888175,41.8728015197798,-15.4402097345495
"ACR_Acropora_digitifera",18.265950135062,2.57592029909532,-12.3918747703238,34.2797004492577,-25.244802882292
"ACR_Acropora_monticulosa",21.0553666149656,12.4593674306994,-7.40931821815116,28.1440260324931,-23.4329500285314
"ACR_Acropora_cytherea",25.3270366434526,23.7077607118478,-16.8518559965616,31.9425517179664,-35.2778669211618
"ACR_Acropora_indonesia",21.3444919021369,22.5971796694259,-18.8154292568258,32.6690087630659,-37.3630780559703
"ACR_Acropora_microclados",29.1176394860931,25.2313402366306,-18.2847666074073,34.8293629665318,-38.8953752612457
"ACR_Acropora_anthocercis",17.1682313062414,10.8434076952673,-0.17523257034156,28.2321894089463,-23.1444540468809
"ACR_Acropora_hyacinthus",12.7157557902277,3.25103888829139,13.1181953483137,27.4054859094373,-15.6010025635183
"ACR_Acropora_microphthalma",38.9438250834401,28.1327628462356,-5.28381867280139,34.3000446373797,-30.8186504556672
"ACR_Acropora_spicifera",17.940987267785,16.3194214087271,-0.476788710437444,24.6171231922107,-22.4554815846792
"ACR_Acropora_divaricata",35.3852789056441,7.78422418143592,2.29567677239897,30.2514950518333,-24.4975408930693
"ACR_Acropora_solitaryensis",38.1288852928506,3.85449207966697,5.69898228897771,31.4024804451377,-28.7906626845693
"ACR_Acropora_batunai",36.2611361341811,1.23094145058338,0.506093702292937,34.7891274693672,-27.8314410417887
"ACR_Acropora_longicyathus",45.5072491793616,-0.886403696037282,-1.11058427837205,37.460881341309,-32.7325105330715
"ACR_Acropora_caroliniana",32.6666375989926,17.7266646273432,-3.64890613879977,36.5092598229418,-33.0733569683514
"ACR_Acropora_speciosa",21.1198224506222,22.822068531815,4.60677904180093,26.8602734952705,-28.4988736328565
"ACR_Acropora_tortuosa",20.1078186331614,13.3339205790632,5.83679212529757,26.4794538822355,-25.6513529607969
"ACR_Acropora_acuminata",26.3228723544269,4.32068534190062,4.0166333790301,35.1676145971049,-24.892952955352
"ACR_Acropora_dendrum",19.7417245025594,6.52594364462515,-4.73580906280933,32.2059024960055,-29.2440519592554
"ACR_Acropora_yongei",20.964041336952,7.30646347665036,-3.36858096595725,32.2403730544222,-28.6831121594568
"ACR_Acropora_spathulata",17.4158666459954,11.2909059781976,-1.10522127011873,30.1808532004059,-27.0127423060064
"ACR_Acropora_carduus",26.9544429362186,0.254657658050625,12.7981507691232,31.593846731428,-29.0153635403977
"ACR_Acropora_granulosa",25.8156502930352,-1.79308831110103,13.6773908072277,29.5802394800684,-28.2638648971712
"ACR_Acropora_bushyensis",22.3606049897789,1.97040455341271,13.3774155704757,28.4664640780691,-27.8214654604769
"ACR_Acropora_horrida",24.1746025763548,0.782876861506997,12.258747817221,30.115281788804,-24.9193136641412
"ACR_Acropora_polystoma",11.1427632758801,6.05907556511101,16.4022332406704,21.4933916561128,-21.0243606566398
"ACR_Acropora_hemprichii",14.6704242122432,1.78973399364897,5.44761367475213,25.5044340470971,-27.7056256842071
"ACR_Acropora_millepora",24.0386462138936,3.17947162607144,9.84985712503761,43.6557762411464,-21.6159114379249
"ACR_Acropora_selago",25.1435737974635,5.49939565034501,7.9331819609817,40.1876704489402,-24.2997413147002
"ACR_Acropora_muricata",20.9445871288831,14.7098865798339,11.6710729230617,26.9686866348567,-22.0133393985631
"ACR_Acropora_aspera",20.4125049201812,4.43218747018934,2.4418598634725,31.7879622223536,-26.0775254201468
"ACR_Acropora_pulchra",26.3743105016737,5.4040341470062,0.722850569670247,30.0816444836212,-24.8556521303575
"ACR_Acropora_grandis",21.3658721179083,5.80584009579599,2.3459336336361,33.2947649435308,-21.7594789583063
"ACR_Acropora_listeri",20.9034615395176,3.39539122651711,-1.38292298563041,35.6053069137067,-22.6020921661825
"ACR_Acropora_cerealis",25.89327366491,16.6788675010336,-6.04122701363313,39.9161986333873,-28.450697448778
"ACR_Acropora_lutkeni",37.0364149945414,16.868188130954,-0.563832776932836,44.2275708376983,-35.1311231095634
"ACR_Acropora_valida",7.68714905283045,13.1311064211107,-3.37592511579084,23.8154490134472,-19.4631997343325
"ACR_Acropora_kimbeensis",13.0051157435073,5.73510193405675,7.37053306546184,30.6513464189096,-20.4867950443072
"ACR_Acropora_nasuta",18.2172607813426,7.14834679650311,1.49068548987104,33.3949912793047,-25.6163460209954
"ACR_Acropora_loisetteae",37.6674297923771,-14.7666086346908,7.73119093107532,32.2758767563165,-24.7979694512216
"ACR_Acropora_vaughani",21.6190206098569,-5.44686858700085,-5.18885234734886,29.10298853815,-27.6428381157261
"ACR_Acropora_papillare",32.6375937300824,-13.8489487634915,7.69859417054081,37.4258748212613,-24.5082714933483
"ACR_Acropora_tenella",6.04487961899527,-7.55968776154968,6.42607412443132,21.5686724398228,-13.3229977127398
"ACR_Acropora_pichoni",15.8294201751842,-0.0486516260761458,8.7742101448943,23.6148518566872,-14.984606196495
"ACR_Acropora_elegans",19.3942063680036,1.40012957312642,6.65844751618449,28.5317857229366,-17.2809621619656
"ACR_Acropora_walindii",2.95611080405807,-22.5453876041481,23.9199870947103,23.2042712534911,-5.27826612849089
"ACR_Acropora_chesterfieldensis",16.4629548086058,0.715545448891593,2.75797587205059,12.3143034743546,-20.2298516870308
"ACR_Acropora_loripes",13.1495399121539,7.15820659162618,0.313451964038385,22.0619189008234,-18.0389130168052
"ACR_Acropora_lokani",25.3454125938455,-1.07714980749812,3.88810719048256,30.1019952431812,-24.6769455292752
"ACR_Acropora_jacquelineae",31.1633157753112,22.0820151153407,14.4834215053855,28.0370330809366,-22.0586922370546
"ACR_Acropora_rongelapensis",32.0336512706857,23.2560361212689,-0.355642367892493,25.6786563335004,-34.3712404629461
